repository,chart,status,vertices,edges,weak_components,undirected_cycle_rank,values,templates,manifests,manifest_fields,longest_dependency_chain,unresolved,directory,source
bitnami,bitnami/airflow,rendered,4790,5316,547,1073,1082,71,41,3262,4,1868,bitnami/airflow,third_party/bitnami-charts/bitnami/airflow
bitnami,bitnami/apache,rendered,613,735,102,224,221,16,5,259,4,300,bitnami/apache,third_party/bitnami-charts/bitnami/apache
bitnami,bitnami/apisix,rendered,3006,3353,367,714,746,57,37,1908,4,1093,bitnami/apisix,third_party/bitnami-charts/bitnami/apisix
bitnami,bitnami/appsmith,rendered,2712,2898,275,461,494,41,34,1923,4,641,bitnami/appsmith,third_party/bitnami-charts/bitnami/appsmith
bitnami,bitnami/argo-cd,rendered,3522,4332,490,1300,1148,102,41,1577,4,1552,bitnami/argo-cd,third_party/bitnami-charts/bitnami/argo-cd
bitnami,bitnami/argo-workflows,rendered,2076,2289,212,425,390,33,32,1366,4,562,bitnami/argo-workflows,third_party/bitnami-charts/bitnami/argo-workflows
bitnami,bitnami/aspnet-core,rendered,526,607,87,168,202,12,5,230,4,229,bitnami/aspnet-core,third_party/bitnami-charts/bitnami/aspnet-core
bitnami,bitnami/cadvisor,rendered,487,550,75,138,176,10,4,237,4,215,bitnami/cadvisor,third_party/bitnami-charts/bitnami/cadvisor
bitnami,bitnami/cassandra,rendered,763,892,125,254,262,14,8,380,4,464,bitnami/cassandra,third_party/bitnami-charts/bitnami/cassandra
bitnami,bitnami/cert-manager,rendered,2367,2596,180,409,373,29,42,1716,4,548,bitnami/cert-manager,third_party/bitnami-charts/bitnami/cert-manager
bitnami,bitnami/chainloop,rendered,3130,3464,269,603,583,73,52,2109,4,753,bitnami/chainloop,third_party/bitnami-charts/bitnami/chainloop
bitnami,bitnami/cilium,rendered,3080,3417,585,922,1073,60,19,1562,4,1570,bitnami/cilium,third_party/bitnami-charts/bitnami/cilium
bitnami,bitnami/clickhouse,rendered,1651,1959,207,515,459,32,16,972,4,959,bitnami/clickhouse,third_party/bitnami-charts/bitnami/clickhouse
bitnami,bitnami/clickhouse-operator,rendered,1110,1244,129,263,254,20,14,645,4,381,bitnami/clickhouse-operator,third_party/bitnami-charts/bitnami/clickhouse-operator
bitnami,bitnami/cloudnative-pg,rendered,1987,2290,155,458,388,37,25,1272,4,596,bitnami/cloudnative-pg,third_party/bitnami-charts/bitnami/cloudnative-pg
bitnami,bitnami/common,static-only,235,213,22,0,2,21,0,0,2,644,bitnami/common,third_party/bitnami-charts/bitnami/common
bitnami,bitnami/concourse,rendered,1333,1663,185,515,411,35,21,737,4,695,bitnami/concourse,third_party/bitnami-charts/bitnami/concourse
bitnami,bitnami/consul,rendered,743,890,106,253,234,15,6,366,4,282,bitnami/consul,third_party/bitnami-charts/bitnami/consul
bitnami,bitnami/contour,rendered,7520,7955,279,714,561,38,24,6585,4,957,bitnami/contour,third_party/bitnami-charts/bitnami/contour
bitnami,bitnami/deepspeed,rendered,1188,1186,202,200,363,19,13,684,4,492,bitnami/deepspeed,third_party/bitnami-charts/bitnami/deepspeed
bitnami,bitnami/discourse,rendered,1504,1527,174,197,290,32,25,1093,4,432,bitnami/discourse,third_party/bitnami-charts/bitnami/discourse
bitnami,bitnami/dremio,rendered,4303,4612,515,824,826,62,42,2887,4,1399,bitnami/dremio,third_party/bitnami-charts/bitnami/dremio
bitnami,bitnami/drupal,rendered,1133,1209,139,215,285,25,15,734,4,312,bitnami/drupal,third_party/bitnami-charts/bitnami/drupal
bitnami,bitnami/ejbca,rendered,1044,1112,108,176,200,20,15,720,4,251,bitnami/ejbca,third_party/bitnami-charts/bitnami/ejbca
bitnami,bitnami/elasticsearch,rendered,2607,3255,349,997,757,42,21,1355,4,1298,bitnami/elasticsearch,third_party/bitnami-charts/bitnami/elasticsearch
bitnami,bitnami/envoy-gateway,rendered,1383,1541,135,293,287,21,20,909,4,428,bitnami/envoy-gateway,third_party/bitnami-charts/bitnami/envoy-gateway
bitnami,bitnami/etcd,rendered,1053,1351,162,460,363,18,9,503,4,501,bitnami/etcd,third_party/bitnami-charts/bitnami/etcd
bitnami,bitnami/external-dns,rendered,840,1063,128,351,362,21,7,353,4,747,bitnami/external-dns,third_party/bitnami-charts/bitnami/external-dns
bitnami,bitnami/flink,rendered,1002,1123,123,244,260,14,11,601,4,277,bitnami/flink,third_party/bitnami-charts/bitnami/flink
bitnami,bitnami/fluent-bit,rendered,612,798,93,279,217,17,6,232,4,281,bitnami/fluent-bit,third_party/bitnami-charts/bitnami/fluent-bit
bitnami,bitnami/fluentd,rendered,1316,1578,171,433,392,24,14,623,4,480,bitnami/fluentd,third_party/bitnami-charts/bitnami/fluentd
bitnami,bitnami/flux,rendered,15926,16645,441,1160,998,74,124,14280,4,1516,bitnami/flux,third_party/bitnami-charts/bitnami/flux
bitnami,bitnami/ghost,rendered,865,989,111,235,228,21,13,491,4,338,bitnami/ghost,third_party/bitnami-charts/bitnami/ghost
bitnami,bitnami/gitea,rendered,1016,1128,102,214,210,21,14,665,4,299,bitnami/gitea,third_party/bitnami-charts/bitnami/gitea
bitnami,bitnami/gitlab-runner,rendered,530,663,96,229,238,19,8,150,4,358,bitnami/gitlab-runner,third_party/bitnami-charts/bitnami/gitlab-runner
bitnami,bitnami/grafana,rendered,727,862,115,250,276,20,8,298,4,453,bitnami/grafana,third_party/bitnami-charts/bitnami/grafana
bitnami,bitnami/grafana-alloy,rendered,813,906,129,222,265,16,7,440,4,345,bitnami/grafana-alloy,third_party/bitnami-charts/bitnami/grafana-alloy
bitnami,bitnami/grafana-k6-operator,rendered,739,829,82,172,176,13,9,442,4,214,bitnami/grafana-k6-operator,third_party/bitnami-charts/bitnami/grafana-k6-operator
bitnami,bitnami/grafana-loki,rendered,4225,5037,629,1441,1313,76,47,2348,4,1515,bitnami/grafana-loki,third_party/bitnami-charts/bitnami/grafana-loki
bitnami,bitnami/grafana-mimir,rendered,5350,6345,740,1735,1442,102,67,3218,4,1837,bitnami/grafana-mimir,third_party/bitnami-charts/bitnami/grafana-mimir
bitnami,bitnami/grafana-operator,rendered,850,906,129,185,254,11,7,495,4,229,bitnami/grafana-operator,third_party/bitnami-charts/bitnami/grafana-operator
bitnami,bitnami/grafana-tempo,rendered,3298,3937,456,1095,941,49,38,1907,4,1044,bitnami/grafana-tempo,third_party/bitnami-charts/bitnami/grafana-tempo
bitnami,bitnami/haproxy,rendered,501,584,76,159,166,12,6,221,4,200,bitnami/haproxy,third_party/bitnami-charts/bitnami/haproxy
bitnami,bitnami/harbor,rendered,4786,5527,727,1468,1292,84,60,2751,4,2063,bitnami/harbor,third_party/bitnami-charts/bitnami/harbor
bitnami,bitnami/influxdb,rendered,693,965,145,417,316,24,6,246,4,596,bitnami/influxdb,third_party/bitnami-charts/bitnami/influxdb
bitnami,bitnami/jaeger,rendered,1644,1672,217,245,368,24,22,1146,4,415,bitnami/jaeger,third_party/bitnami-charts/bitnami/jaeger
bitnami,bitnami/janusgraph,rendered,1173,1217,162,206,286,23,14,735,4,408,bitnami/janusgraph,third_party/bitnami-charts/bitnami/janusgraph
bitnami,bitnami/jenkins,rendered,855,1120,115,380,293,18,8,327,4,391,bitnami/jenkins,third_party/bitnami-charts/bitnami/jenkins
bitnami,bitnami/jupyterhub,rendered,1923,2104,249,430,502,36,27,1212,4,633,bitnami/jupyterhub,third_party/bitnami-charts/bitnami/jupyterhub
bitnami,bitnami/kafka,rendered,1683,2107,341,765,709,38,11,561,4,1587,bitnami/kafka,third_party/bitnami-charts/bitnami/kafka
bitnami,bitnami/keycloak,rendered,1402,1718,172,488,401,38,15,719,4,583,bitnami/keycloak,third_party/bitnami-charts/bitnami/keycloak
bitnami,bitnami/keydb,rendered,1300,1541,231,472,448,28,15,642,4,853,bitnami/keydb,third_party/bitnami-charts/bitnami/keydb
bitnami,bitnami/kibana,rendered,488,703,95,310,236,16,4,80,4,409,bitnami/kibana,third_party/bitnami-charts/bitnami/kibana
bitnami,bitnami/kong,rendered,1912,2110,163,361,325,30,19,1351,4,563,bitnami/kong,third_party/bitnami-charts/bitnami/kong
bitnami,bitnami/kube-arangodb,rendered,1782,1993,138,349,294,66,33,1235,4,633,bitnami/kube-arangodb,third_party/bitnami-charts/bitnami/kube-arangodb
bitnami,bitnami/kube-prometheus,rendered,6575,7383,393,1201,1106,127,88,4627,4,1471,bitnami/kube-prometheus,third_party/bitnami-charts/bitnami/kube-prometheus
bitnami,bitnami/kube-prometheus/charts/kube-prometheus-crds,rendered,1,0,1,0,1,0,0,0,0,0,bitnami/kube-prometheus/charts/kube-prometheus-crds,third_party/bitnami-charts/bitnami/kube-prometheus/charts/kube-prometheus-crds
bitnami,bitnami/kube-state-metrics,rendered,783,903,75,195,193,15,7,473,4,244,bitnami/kube-state-metrics,third_party/bitnami-charts/bitnami/kube-state-metrics
bitnami,bitnami/kuberay,rendered,1985,2307,204,526,497,33,26,1175,4,677,bitnami/kuberay,third_party/bitnami-charts/bitnami/kuberay
bitnami,bitnami/kubernetes-event-exporter,rendered,485,509,97,121,182,15,7,222,4,196,bitnami/kubernetes-event-exporter,third_party/bitnami-charts/bitnami/kubernetes-event-exporter
bitnami,bitnami/logstash,rendered,597,723,80,206,197,12,7,270,4,230,bitnami/logstash,third_party/bitnami-charts/bitnami/logstash
bitnami,bitnami/mariadb,rendered,1151,1418,281,548,541,27,8,367,4,645,bitnami/mariadb,third_party/bitnami-charts/bitnami/mariadb
bitnami,bitnami/mariadb-galera,rendered,802,907,125,230,269,18,8,406,4,429,bitnami/mariadb-galera,third_party/bitnami-charts/bitnami/mariadb-galera
bitnami,bitnami/mastodon,rendered,4122,4350,401,629,645,85,66,3108,4,1151,bitnami/mastodon,third_party/bitnami-charts/bitnami/mastodon
bitnami,bitnami/matomo,rendered,1394,1595,169,370,328,23,16,849,4,387,bitnami/matomo,third_party/bitnami-charts/bitnami/matomo
bitnami,bitnami/memcached,rendered,589,757,128,296,255,13,5,201,4,326,bitnami/memcached,third_party/bitnami-charts/bitnami/memcached
bitnami,bitnami/metallb,rendered,2702,2864,173,335,344,27,30,2200,4,448,bitnami/metallb,third_party/bitnami-charts/bitnami/metallb
bitnami,bitnami/metrics-server,rendered,529,568,73,112,146,13,10,310,4,179,bitnami/metrics-server,third_party/bitnami-charts/bitnami/metrics-server
bitnami,bitnami/milvus,rendered,6047,6321,886,1160,1480,100,65,4009,4,1686,bitnami/milvus,third_party/bitnami-charts/bitnami/milvus
bitnami,bitnami/mlflow,rendered,2314,2281,339,306,548,43,29,1589,4,897,bitnami/mlflow,third_party/bitnami-charts/bitnami/mlflow
bitnami,bitnami/mongodb,rendered,1421,2139,347,1065,709,40,8,359,4,1430,bitnami/mongodb,third_party/bitnami-charts/bitnami/mongodb
bitnami,bitnami/mongodb-sharded,rendered,2241,2695,256,710,565,24,18,1259,4,782,bitnami/mongodb-sharded,third_party/bitnami-charts/bitnami/mongodb-sharded
bitnami,bitnami/moodle,rendered,1039,1103,134,198,270,25,15,670,4,293,bitnami/moodle,third_party/bitnami-charts/bitnami/moodle
bitnami,bitnami/multus-cni,rendered,425,416,71,62,123,8,5,271,4,132,bitnami/multus-cni,third_party/bitnami-charts/bitnami/multus-cni
bitnami,bitnami/mysql,rendered,1039,1350,213,524,460,29,8,385,4,690,bitnami/mysql,third_party/bitnami-charts/bitnami/mysql
bitnami,bitnami/nats,rendered,691,790,142,241,285,16,7,271,4,535,bitnami/nats,third_party/bitnami-charts/bitnami/nats
bitnami,bitnami/neo4j,rendered,453,611,89,247,218,16,4,87,4,356,bitnami/neo4j,third_party/bitnami-charts/bitnami/neo4j
bitnami,bitnami/nessie,rendered,1097,1175,145,223,283,25,15,687,4,433,bitnami/nessie,third_party/bitnami-charts/bitnami/nessie
bitnami,bitnami/nginx,rendered,810,1062,125,377,306,18,6,288,4,434,bitnami/nginx,third_party/bitnami-charts/bitnami/nginx
bitnami,bitnami/node-exporter,rendered,432,541,78,187,165,13,4,194,4,273,bitnami/node-exporter,third_party/bitnami-charts/bitnami/node-exporter
bitnami,bitnami/oauth2-proxy,rendered,944,985,110,151,204,26,17,642,4,306,bitnami/oauth2-proxy,third_party/bitnami-charts/bitnami/oauth2-proxy
bitnami,bitnami/odoo,rendered,1021,1156,104,239,227,22,14,610,4,294,bitnami/odoo,third_party/bitnami-charts/bitnami/odoo
bitnami,bitnami/opensearch,rendered,3040,3817,472,1249,1024,64,18,1304,4,1690,bitnami/opensearch,third_party/bitnami-charts/bitnami/opensearch
bitnami,bitnami/parse,rendered,1287,1459,155,327,319,25,16,740,4,421,bitnami/parse,third_party/bitnami-charts/bitnami/parse
bitnami,bitnami/phpmyadmin,rendered,599,691,94,186,216,13,5,286,4,254,bitnami/phpmyadmin,third_party/bitnami-charts/bitnami/phpmyadmin
bitnami,bitnami/pinniped,rendered,2140,2418,132,410,310,27,42,1545,4,509,bitnami/pinniped,third_party/bitnami-charts/bitnami/pinniped
bitnami,bitnami/postgresql,rendered,1193,1586,299,692,620,37,7,323,4,1129,bitnami/postgresql,third_party/bitnami-charts/bitnami/postgresql
bitnami,bitnami/postgresql-ha,rendered,1824,2286,290,752,675,35,14,811,4,960,bitnami/postgresql-ha,third_party/bitnami-charts/bitnami/postgresql-ha
bitnami,bitnami/prometheus,rendered,1303,1501,265,463,510,26,14,589,4,593,bitnami/prometheus,third_party/bitnami-charts/bitnami/prometheus
bitnami,bitnami/pytorch,rendered,504,603,93,192,187,12,6,240,4,323,bitnami/pytorch,third_party/bitnami-charts/bitnami/pytorch
bitnami,bitnami/rabbitmq,rendered,1046,1245,164,363,381,20,10,509,4,549,bitnami/rabbitmq,third_party/bitnami-charts/bitnami/rabbitmq
bitnami,bitnami/rabbitmq-cluster-operator,rendered,2382,2717,152,487,363,31,25,1723,4,533,bitnami/rabbitmq-cluster-operator,third_party/bitnami-charts/bitnami/rabbitmq-cluster-operator
bitnami,bitnami/redis,rendered,1739,2429,397,1087,770,36,14,647,4,1414,bitnami/redis,third_party/bitnami-charts/bitnami/redis
bitnami,bitnami/redis-cluster,rendered,822,995,151,324,334,22,9,363,4,614,bitnami/redis-cluster,third_party/bitnami-charts/bitnami/redis-cluster
bitnami,bitnami/redmine,rendered,1479,1567,159,247,308,32,22,994,4,416,bitnami/redmine,third_party/bitnami-charts/bitnami/redmine
bitnami,bitnami/schema-registry,rendered,1135,1216,103,184,211,27,18,809,4,301,bitnami/schema-registry,third_party/bitnami-charts/bitnami/schema-registry
bitnami,bitnami/scylladb,rendered,927,1077,166,316,337,18,8,436,4,572,bitnami/scylladb,third_party/bitnami-charts/bitnami/scylladb
bitnami,bitnami/sealed-secrets,rendered,688,883,78,273,196,19,10,321,4,266,bitnami/sealed-secrets,third_party/bitnami-charts/bitnami/sealed-secrets
bitnami,bitnami/seaweedfs,rendered,2952,3683,527,1258,1130,78,27,1352,4,1898,bitnami/seaweedfs,third_party/bitnami-charts/bitnami/seaweedfs
bitnami,bitnami/solr,rendered,1278,1438,163,323,329,25,15,773,4,442,bitnami/solr,third_party/bitnami-charts/bitnami/solr
bitnami,bitnami/sonarqube,rendered,1277,1394,205,322,376,24,14,706,4,409,bitnami/sonarqube,third_party/bitnami-charts/bitnami/sonarqube
bitnami,bitnami/spark,rendered,1056,1371,137,452,320,19,10,483,4,436,bitnami/spark,third_party/bitnami-charts/bitnami/spark
bitnami,bitnami/superset,rendered,2735,3029,342,636,639,49,26,1639,4,828,bitnami/superset,third_party/bitnami-charts/bitnami/superset
bitnami,bitnami/tensorflow-resnet,rendered,491,523,79,111,155,8,5,258,4,154,bitnami/tensorflow-resnet,third_party/bitnami-charts/bitnami/tensorflow-resnet
bitnami,bitnami/thanos,rendered,3175,5176,543,2544,1559,117,11,435,4,2562,bitnami/thanos,third_party/bitnami-charts/bitnami/thanos
bitnami,bitnami/tomcat,rendered,667,710,130,173,232,18,7,266,4,405,bitnami/tomcat,third_party/bitnami-charts/bitnami/tomcat
bitnami,bitnami/valkey,rendered,1582,2302,298,1018,624,37,14,655,4,1291,bitnami/valkey,third_party/bitnami-charts/bitnami/valkey
bitnami,bitnami/valkey-cluster,rendered,803,945,147,289,323,20,9,366,4,568,bitnami/valkey-cluster,third_party/bitnami-charts/bitnami/valkey-cluster
bitnami,bitnami/vault,rendered,1658,1881,250,473,521,35,23,910,4,644,bitnami/vault,third_party/bitnami-charts/bitnami/vault
bitnami,bitnami/victoriametrics,rendered,2958,3688,395,1125,1022,63,30,1228,4,1215,bitnami/victoriametrics,third_party/bitnami-charts/bitnami/victoriametrics
bitnami,bitnami/whereabouts,rendered,405,392,67,54,117,8,5,258,4,127,bitnami/whereabouts,third_party/bitnami-charts/bitnami/whereabouts
bitnami,bitnami/wildfly,rendered,646,780,90,224,205,13,7,310,4,221,bitnami/wildfly,third_party/bitnami-charts/bitnami/wildfly
bitnami,bitnami/wordpress,rendered,1267,1371,189,293,365,28,15,765,4,405,bitnami/wordpress,third_party/bitnami-charts/bitnami/wordpress
bitnami,bitnami/zipkin,static-only,409,511,147,249,287,20,0,0,2,501,bitnami/zipkin,third_party/bitnami-charts/bitnami/zipkin
bitnami,bitnami/zookeeper,rendered,910,1188,109,387,283,16,7,372,4,463,bitnami/zookeeper,third_party/bitnami-charts/bitnami/zookeeper
prometheus,charts/alertmanager,static-only,406,427,120,141,255,14,0,0,2,138,prometheus/alertmanager,third_party/prometheus-community-helm-charts/charts/alertmanager
prometheus,charts/alertmanager-snmp-notifier,rendered,306,336,53,83,127,11,3,81,4,99,prometheus/alertmanager-snmp-notifier,third_party/prometheus-community-helm-charts/charts/alertmanager-snmp-notifier
prometheus,charts/jiralert,rendered,331,323,60,52,114,9,4,133,4,93,prometheus/jiralert,third_party/prometheus-community-helm-charts/charts/jiralert
prometheus,charts/kube-prometheus-stack,rendered,11561,16788,651,5878,2221,207,123,5767,4,2252,prometheus/kube-prometheus-stack,third_party/prometheus-community-helm-charts/charts/kube-prometheus-stack
prometheus,charts/kube-prometheus-stack/charts/crds,rendered,77,113,2,38,35,6,0,0,2,44,prometheus/kube-prometheus-stack/charts/crds,third_party/prometheus-community-helm-charts/charts/kube-prometheus-stack/charts/crds
prometheus,charts/kube-state-metrics,rendered,908,1134,66,292,241,19,5,384,4,270,prometheus/kube-state-metrics,third_party/prometheus-community-helm-charts/charts/kube-state-metrics
prometheus,charts/prom-label-proxy,rendered,323,346,53,76,126,13,3,94,4,111,prometheus/prom-label-proxy,third_party/prometheus-community-helm-charts/charts/prom-label-proxy
prometheus,charts/prometheus,static-only,556,485,243,172,418,17,0,0,2,330,prometheus/prometheus,third_party/prometheus-community-helm-charts/charts/prometheus
prometheus,charts/prometheus-adapter,rendered,569,696,42,169,113,24,11,308,4,167,prometheus/prometheus-adapter,third_party/prometheus-community-helm-charts/charts/prometheus-adapter
prometheus,charts/prometheus-blackbox-exporter,rendered,462,411,143,92,233,18,4,122,4,294,prometheus/prometheus-blackbox-exporter,third_party/prometheus-community-helm-charts/charts/prometheus-blackbox-exporter
prometheus,charts/prometheus-cloudwatch-exporter,rendered,338,381,26,69,89,13,7,170,4,106,prometheus/prometheus-cloudwatch-exporter,third_party/prometheus-community-helm-charts/charts/prometheus-cloudwatch-exporter
prometheus,charts/prometheus-conntrack-stats-exporter,rendered,132,137,17,22,36,5,2,63,4,48,prometheus/prometheus-conntrack-stats-exporter,third_party/prometheus-community-helm-charts/charts/prometheus-conntrack-stats-exporter
prometheus,charts/prometheus-consul-exporter,rendered,210,227,12,29,45,9,5,114,4,79,prometheus/prometheus-consul-exporter,third_party/prometheus-community-helm-charts/charts/prometheus-consul-exporter
prometheus,charts/prometheus-couchdb-exporter,rendered,182,190,11,19,30,9,5,113,4,79,prometheus/prometheus-couchdb-exporter,third_party/prometheus-community-helm-charts/charts/prometheus-couchdb-exporter
prometheus,charts/prometheus-druid-exporter,rendered,165,179,5,19,29,6,4,104,4,44,prometheus/prometheus-druid-exporter,third_party/prometheus-community-helm-charts/charts/prometheus-druid-exporter
prometheus,charts/prometheus-elasticsearch-exporter,rendered,354,386,47,79,136,10,2,111,4,154,prometheus/prometheus-elasticsearch-exporter,third_party/prometheus-community-helm-charts/charts/prometheus-elasticsearch-exporter
prometheus,charts/prometheus-fastly-exporter,rendered,247,259,27,39,72,10,4,97,4,91,prometheus/prometheus-fastly-exporter,third_party/prometheus-community-helm-charts/charts/prometheus-fastly-exporter
prometheus,charts/prometheus-ipmi-exporter,rendered,266,205,91,30,124,7,3,105,3,64,prometheus/prometheus-ipmi-exporter,third_party/prometheus-community-helm-charts/charts/prometheus-ipmi-exporter
prometheus,charts/prometheus-json-exporter,rendered,293,302,40,49,99,12,4,109,4,113,prometheus/prometheus-json-exporter,third_party/prometheus-community-helm-charts/charts/prometheus-json-exporter
prometheus,charts/prometheus-kafka-exporter,rendered,295,346,34,85,110,10,5,91,4,105,prometheus/prometheus-kafka-exporter,third_party/prometheus-community-helm-charts/charts/prometheus-kafka-exporter
prometheus,charts/prometheus-memcached-exporter,rendered,218,258,12,52,57,9,4,97,4,64,prometheus/prometheus-memcached-exporter,third_party/prometheus-community-helm-charts/charts/prometheus-memcached-exporter
prometheus,charts/prometheus-modbus-exporter,rendered,227,192,49,14,77,8,4,111,4,58,prometheus/prometheus-modbus-exporter,third_party/prometheus-community-helm-charts/charts/prometheus-modbus-exporter
prometheus,charts/prometheus-mongodb-exporter,rendered,274,287,28,41,78,8,5,139,4,86,prometheus/prometheus-mongodb-exporter,third_party/prometheus-community-helm-charts/charts/prometheus-mongodb-exporter
prometheus,charts/prometheus-mysql-exporter,rendered,293,345,38,90,122,10,3,97,4,121,prometheus/prometheus-mysql-exporter,third_party/prometheus-community-helm-charts/charts/prometheus-mysql-exporter
prometheus,charts/prometheus-nats-exporter,rendered,165,180,12,27,49,5,2,80,4,48,prometheus/prometheus-nats-exporter,third_party/prometheus-community-helm-charts/charts/prometheus-nats-exporter
prometheus,charts/prometheus-nginx-exporter,rendered,256,281,20,45,64,8,4,124,4,114,prometheus/prometheus-nginx-exporter,third_party/prometheus-community-helm-charts/charts/prometheus-nginx-exporter
prometheus,charts/prometheus-node-exporter,rendered,494,585,66,157,233,14,3,181,4,228,prometheus/prometheus-node-exporter,third_party/prometheus-community-helm-charts/charts/prometheus-node-exporter
prometheus,charts/prometheus-operator-admission-webhook,rendered,717,826,69,178,162,20,12,415,4,197,prometheus/prometheus-operator-admission-webhook,third_party/prometheus-community-helm-charts/charts/prometheus-operator-admission-webhook
prometheus,charts/prometheus-operator-crds,rendered,48596,48564,32,0,32,10,10,48524,4,11,prometheus/prometheus-operator-crds,third_party/prometheus-community-helm-charts/charts/prometheus-operator-crds
prometheus,charts/prometheus-operator-crds/charts/crds,missing-values,,,,,,,,,,,prometheus/prometheus-operator-crds/charts/crds,third_party/prometheus-community-helm-charts/charts/prometheus-operator-crds/charts/crds
prometheus,charts/prometheus-pgbouncer-exporter,rendered,322,357,35,70,94,12,6,151,4,102,prometheus/prometheus-pgbouncer-exporter,third_party/prometheus-community-helm-charts/charts/prometheus-pgbouncer-exporter
prometheus,charts/prometheus-pingdom-exporter,rendered,170,181,11,22,39,6,3,92,4,70,prometheus/prometheus-pingdom-exporter,third_party/prometheus-community-helm-charts/charts/prometheus-pingdom-exporter
prometheus,charts/prometheus-pingmesh-exporter,rendered,471,451,138,118,224,14,4,177,4,145,prometheus/prometheus-pingmesh-exporter,third_party/prometheus-community-helm-charts/charts/prometheus-pingmesh-exporter
prometheus,charts/prometheus-postgres-exporter,static-only,255,321,49,115,139,15,0,0,2,162,prometheus/prometheus-postgres-exporter,third_party/prometheus-community-helm-charts/charts/prometheus-postgres-exporter
prometheus,charts/prometheus-pushgateway,rendered,372,364,77,69,135,14,3,101,4,272,prometheus/prometheus-pushgateway,third_party/prometheus-community-helm-charts/charts/prometheus-pushgateway
prometheus,charts/prometheus-rabbitmq-exporter,rendered,268,302,21,55,70,9,5,140,4,90,prometheus/prometheus-rabbitmq-exporter,third_party/prometheus-community-helm-charts/charts/prometheus-rabbitmq-exporter
prometheus,charts/prometheus-redis-exporter,rendered,320,400,33,113,107,11,5,113,4,99,prometheus/prometheus-redis-exporter,third_party/prometheus-community-helm-charts/charts/prometheus-redis-exporter
prometheus,charts/prometheus-smartctl-exporter,rendered,289,220,84,15,119,8,4,114,4,84,prometheus/prometheus-smartctl-exporter,third_party/prometheus-community-helm-charts/charts/prometheus-smartctl-exporter
prometheus,charts/prometheus-snmp-exporter,rendered,390,493,49,152,123,14,5,141,4,104,prometheus/prometheus-snmp-exporter,third_party/prometheus-community-helm-charts/charts/prometheus-snmp-exporter
prometheus,charts/prometheus-sql-exporter,rendered,287,304,46,63,99,11,4,127,4,216,prometheus/prometheus-sql-exporter,third_party/prometheus-community-helm-charts/charts/prometheus-sql-exporter
prometheus,charts/prometheus-stackdriver-exporter,rendered,268,326,27,85,92,8,2,102,4,90,prometheus/prometheus-stackdriver-exporter,third_party/prometheus-community-helm-charts/charts/prometheus-stackdriver-exporter
prometheus,charts/prometheus-statsd-exporter,rendered,277,321,24,68,85,11,4,127,4,110,prometheus/prometheus-statsd-exporter,third_party/prometheus-community-helm-charts/charts/prometheus-statsd-exporter
prometheus,charts/prometheus-systemd-exporter,rendered,284,249,71,36,110,7,2,133,4,109,prometheus/prometheus-systemd-exporter,third_party/prometheus-community-helm-charts/charts/prometheus-systemd-exporter
prometheus,charts/prometheus-to-sd,rendered,58,57,5,4,12,3,1,36,4,11,prometheus/prometheus-to-sd,third_party/prometheus-community-helm-charts/charts/prometheus-to-sd
prometheus,charts/prometheus-windows-exporter,rendered,392,413,47,68,142,7,4,169,3,147,prometheus/prometheus-windows-exporter,third_party/prometheus-community-helm-charts/charts/prometheus-windows-exporter
prometheus,charts/prometheus-yet-another-cloudwatch-exporter,rendered,281,329,23,71,78,12,5,125,4,109,prometheus/prometheus-yet-another-cloudwatch-exporter,third_party/prometheus-community-helm-charts/charts/prometheus-yet-another-cloudwatch-exporter
synthetic,bug-density/chart,rendered,546,1848,1,1303,8,2,2,272,4,5,synthetic/bug-density/chart,.cache/benchmark-refresh-1789265418/outputs/bug-density/chart
synthetic,discovery/chart,rendered,144,407,1,264,8,2,2,71,4,5,synthetic/discovery/chart,.cache/benchmark-refresh-1789265418/outputs/discovery/chart
synthetic,expansion/charts/boundaries,rendered,37,710,1,674,10,3,3,18,4,14,synthetic/expansion/charts/boundaries,.cache/benchmark-refresh-1789265418/outputs/expansion/charts/boundaries
synthetic,expansion/charts/constraints,rendered,36,271,2,237,10,3,3,18,4,11,synthetic/expansion/charts/constraints,.cache/benchmark-refresh-1789265418/outputs/expansion/charts/constraints
synthetic,expansion/charts/control-flow,rendered,38,472,1,435,10,3,3,18,4,14,synthetic/expansion/charts/control-flow,.cache/benchmark-refresh-1789265418/outputs/expansion/charts/control-flow
synthetic,expansion/charts/dependencies,rendered,53,490,1,438,10,3,4,31,4,12,synthetic/expansion/charts/dependencies,.cache/benchmark-refresh-1789265418/outputs/expansion/charts/dependencies
synthetic,expansion/charts/equivalence,rendered,36,467,2,433,10,3,3,18,4,12,synthetic/expansion/charts/equivalence,.cache/benchmark-refresh-1789265418/outputs/expansion/charts/equivalence
synthetic,expansion/charts/interactions,rendered,37,479,1,443,10,3,3,18,4,12,synthetic/expansion/charts/interactions,.cache/benchmark-refresh-1789265418/outputs/expansion/charts/interactions
synthetic,matrix/charts/boundaries,rendered,28,25,9,6,10,2,2,12,4,3,synthetic/matrix/charts/boundaries,.cache/benchmark-refresh-1789265418/outputs/matrix/charts/boundaries
synthetic,matrix/charts/constraints,rendered,27,23,9,5,10,2,2,12,4,2,synthetic/matrix/charts/constraints,.cache/benchmark-refresh-1789265418/outputs/matrix/charts/constraints
synthetic,matrix/charts/control-flow,rendered,29,27,8,6,10,2,2,12,4,4,synthetic/matrix/charts/control-flow,.cache/benchmark-refresh-1789265418/outputs/matrix/charts/control-flow
synthetic,matrix/charts/dependencies,rendered,44,45,9,10,10,2,3,25,4,2,synthetic/matrix/charts/dependencies,.cache/benchmark-refresh-1789265418/outputs/matrix/charts/dependencies
synthetic,matrix/charts/equivalence,rendered,27,22,10,5,10,2,2,12,4,2,synthetic/matrix/charts/equivalence,.cache/benchmark-refresh-1789265418/outputs/matrix/charts/equivalence
synthetic,matrix/charts/interactions,rendered,28,34,6,12,10,2,2,12,4,2,synthetic/matrix/charts/interactions,.cache/benchmark-refresh-1789265418/outputs/matrix/charts/interactions
synthetic,nesting/charts/supported-deep,rendered,114,727,1,614,10,14,2,12,4,12,synthetic/nesting/charts/supported-deep,.cache/benchmark-refresh-1789265418/outputs/nesting/charts/supported-deep
synthetic,nesting/charts/supported-random,rendered,81,628,1,548,10,14,2,12,4,12,synthetic/nesting/charts/supported-random,.cache/benchmark-refresh-1789265418/outputs/nesting/charts/supported-random
synthetic,nesting/charts/supported-shallow,rendered,66,583,1,518,10,14,2,12,4,12,synthetic/nesting/charts/supported-shallow,.cache/benchmark-refresh-1789265418/outputs/nesting/charts/supported-shallow
synthetic,nesting/charts/uniform-deep,rendered,108,436,1,329,10,14,2,12,4,12,synthetic/nesting/charts/uniform-deep,.cache/benchmark-refresh-1789265418/outputs/nesting/charts/uniform-deep
synthetic,nesting/charts/uniform-random,rendered,75,337,1,263,10,14,2,12,4,12,synthetic/nesting/charts/uniform-random,.cache/benchmark-refresh-1789265418/outputs/nesting/charts/uniform-random
synthetic,nesting/charts/uniform-shallow,rendered,60,292,1,233,10,14,2,12,4,12,synthetic/nesting/charts/uniform-shallow,.cache/benchmark-refresh-1789265418/outputs/nesting/charts/uniform-shallow
synthetic,pca/charts/boundaries,rendered,37,710,1,674,10,3,3,18,4,14,synthetic/pca/charts/boundaries,.cache/benchmark-refresh-1789265418/outputs/pca/charts/boundaries
synthetic,pca/charts/constraints,rendered,36,271,2,237,10,3,3,18,4,11,synthetic/pca/charts/constraints,.cache/benchmark-refresh-1789265418/outputs/pca/charts/constraints
synthetic,pca/charts/control-flow,rendered,38,472,1,435,10,3,3,18,4,14,synthetic/pca/charts/control-flow,.cache/benchmark-refresh-1789265418/outputs/pca/charts/control-flow
synthetic,pca/charts/dependencies,rendered,53,490,1,438,10,3,4,31,4,12,synthetic/pca/charts/dependencies,.cache/benchmark-refresh-1789265418/outputs/pca/charts/dependencies
synthetic,pca/charts/equivalence,rendered,36,467,2,433,10,3,3,18,4,12,synthetic/pca/charts/equivalence,.cache/benchmark-refresh-1789265418/outputs/pca/charts/equivalence
synthetic,pca/charts/interactions,rendered,37,479,1,443,10,3,3,18,4,12,synthetic/pca/charts/interactions,.cache/benchmark-refresh-1789265418/outputs/pca/charts/interactions
synthetic,topology-depth/charts/boundaries,rendered,37,710,1,674,10,3,3,18,4,14,synthetic/topology-depth/charts/boundaries,.cache/benchmark-refresh-1789265418/outputs/topology-depth/charts/boundaries
synthetic,topology-depth/charts/constraints,rendered,36,271,2,237,10,3,3,18,4,11,synthetic/topology-depth/charts/constraints,.cache/benchmark-refresh-1789265418/outputs/topology-depth/charts/constraints
synthetic,topology-depth/charts/control-flow,rendered,38,472,1,435,10,3,3,18,4,14,synthetic/topology-depth/charts/control-flow,.cache/benchmark-refresh-1789265418/outputs/topology-depth/charts/control-flow
synthetic,topology-depth/charts/dependencies,rendered,53,490,1,438,10,3,4,31,4,12,synthetic/topology-depth/charts/dependencies,.cache/benchmark-refresh-1789265418/outputs/topology-depth/charts/dependencies
synthetic,topology-depth/charts/equivalence,rendered,36,467,2,433,10,3,3,18,4,12,synthetic/topology-depth/charts/equivalence,.cache/benchmark-refresh-1789265418/outputs/topology-depth/charts/equivalence
synthetic,topology-depth/charts/interactions,rendered,37,479,1,443,10,3,3,18,4,12,synthetic/topology-depth/charts/interactions,.cache/benchmark-refresh-1789265418/outputs/topology-depth/charts/interactions
synthetic,topology-depth/charts/mixed-supported,rendered,180,673,5,498,10,14,17,123,4,12,synthetic/topology-depth/charts/mixed-supported,.cache/benchmark-refresh-1789265418/outputs/topology-depth/charts/mixed-supported
synthetic,topology-depth/charts/mixed-uniform,rendered,132,340,5,213,10,14,14,84,4,14,synthetic/topology-depth/charts/mixed-uniform,.cache/benchmark-refresh-1789265418/outputs/topology-depth/charts/mixed-uniform
synthetic,normal-quantile,rendered,109,525,93,509,100,1,1,6,4,8,synthetic/normal-quantile,.cache/benchmark-refresh-1789265418/standard-chart
synthetic,topology-quantile,rendered,47,64,4,21,10,2,2,24,4,2,synthetic/topology-quantile,examples/topology-benchmark
