axis,axis_value,error_percent,strategy,metric,paired_runs,complete,mean,minimum,maximum
clustering,0.0,0.0,default,total_seconds,2,True,12.494063916383311,12.194847874809057,12.793279957957566
clustering,0.0,1.0,default,total_seconds,2,True,11.954231895273551,11.594492331612855,12.313971458934247
clustering,0.0,5.0,default,total_seconds,2,True,12.311599145876244,11.857418042141944,12.765780249610543
clustering,0.0,10.0,default,total_seconds,2,True,14.35435966681689,12.303555583115667,16.405163750518113
clustering,0.0,25.0,default,total_seconds,2,True,15.93449302110821,15.715876208152622,16.153109834063798
clustering,0.0,50.0,default,total_seconds,2,True,13.811057271435857,13.072189208585769,14.549925334285945
clustering,0.0,75.0,default,total_seconds,2,True,12.410493187839165,12.158824666868895,12.662161708809435
clustering,0.0,100.0,default,total_seconds,2,True,11.652366812108085,11.23663133289665,12.06810229131952
clustering,0.5,0.0,default,total_seconds,2,True,11.797558666905388,11.241996875032783,12.353120458777994
clustering,0.5,1.0,default,total_seconds,2,True,11.827308020787314,11.419537416193634,12.235078625380993
clustering,0.5,5.0,default,total_seconds,2,True,12.678767875768244,12.65638287551701,12.701152876019478
clustering,0.5,10.0,default,total_seconds,2,True,12.849796187365428,12.694946666713804,13.004645708017051
clustering,0.5,25.0,default,total_seconds,2,True,12.89416379109025,12.743767791893333,13.044559790287167
clustering,0.5,50.0,default,total_seconds,2,True,12.21657935460098,11.272254708223045,13.160904000978917
clustering,0.5,75.0,default,total_seconds,2,True,12.453883229289204,11.265523166395724,13.642243292182684
clustering,0.5,100.0,default,total_seconds,2,True,12.98507516644895,12.186363374814391,13.78378695808351
clustering,1.0,0.0,default,total_seconds,2,True,14.346915270900354,13.95280683413148,14.741023707669228
clustering,1.0,1.0,default,total_seconds,2,True,14.315024979179725,13.994679375551641,14.63537058280781
clustering,1.0,5.0,default,total_seconds,2,True,14.66715639596805,14.144640958867967,15.189671833068132
clustering,1.0,10.0,default,total_seconds,2,True,15.920775917358696,13.970526416786015,17.871025417931378
clustering,1.0,25.0,default,total_seconds,2,True,20.92187787522562,17.803466126322746,24.04028962412849
clustering,1.0,50.0,default,total_seconds,2,True,17.014568124432117,14.007396332453936,20.021739916410297
clustering,1.0,75.0,default,total_seconds,2,True,17.473353687440977,14.181957458145916,20.764749916736037
clustering,1.0,100.0,default,total_seconds,2,True,16.029018791625276,14.332529375329614,17.72550820792094
clustering,0.0,0.0,exact-equivalence,total_seconds,2,True,1.2919586445204914,0.7162502072751522,1.8676670817658305
clustering,0.0,1.0,exact-equivalence,total_seconds,2,True,0.6476252507418394,0.6340250833891332,0.6612254180945456
clustering,0.0,5.0,exact-equivalence,total_seconds,2,True,0.7889910819940269,0.6639850405044854,0.9139971234835684
clustering,0.0,10.0,exact-equivalence,total_seconds,2,True,0.9943007915280759,0.6389450831338763,1.3496564999222755
clustering,0.0,25.0,exact-equivalence,total_seconds,2,True,1.0754527915269136,0.5405774158425629,1.6103281672112644
clustering,0.0,50.0,exact-equivalence,total_seconds,2,True,0.72742750053294,0.6737390421330929,0.7811159589327872
clustering,0.0,75.0,exact-equivalence,total_seconds,2,True,0.695309249451384,0.6096447086893022,0.7809737902134657
clustering,0.0,100.0,exact-equivalence,total_seconds,2,True,0.7868969794362783,0.7186298337765038,0.8551641250960529
clustering,0.5,0.0,exact-equivalence,total_seconds,2,True,0.657594375545159,0.5905799167230725,0.7246088343672454
clustering,0.5,1.0,exact-equivalence,total_seconds,2,True,0.6360079585574567,0.5654327096417546,0.7065832074731588
clustering,0.5,5.0,exact-equivalence,total_seconds,2,True,0.7590727088972926,0.6933454172685742,0.824800000526011
clustering,0.5,10.0,exact-equivalence,total_seconds,2,True,0.7350652497261763,0.7109462493099272,0.7591842501424253
clustering,0.5,25.0,exact-equivalence,total_seconds,2,True,0.7334965830668807,0.7178654158487916,0.7491277502849698
clustering,0.5,50.0,exact-equivalence,total_seconds,2,True,0.6869675824418664,0.5804007495753467,0.7935344153083861
clustering,0.5,75.0,exact-equivalence,total_seconds,2,True,0.6550352079793811,0.5388238751329482,0.771246540825814
clustering,0.5,100.0,exact-equivalence,total_seconds,2,True,0.7601349377073348,0.7133545828983188,0.8069152925163507
clustering,1.0,0.0,exact-equivalence,total_seconds,2,True,0.7988810006063432,0.7728437935002148,0.8249182077124715
clustering,1.0,1.0,exact-equivalence,total_seconds,2,True,0.8554015005938709,0.7985145431011915,0.9122884580865502
clustering,1.0,5.0,exact-equivalence,total_seconds,2,True,0.9099152283743024,0.8563097487203777,0.9635207080282271
clustering,1.0,10.0,exact-equivalence,total_seconds,2,True,1.1334178752731532,0.8067620834335685,1.460073667112738
clustering,1.0,25.0,exact-equivalence,total_seconds,2,True,1.1127709795255214,0.8384649171493948,1.387077041901648
clustering,1.0,50.0,exact-equivalence,total_seconds,2,True,0.9684413345530629,0.8133987099863589,1.123483959119767
clustering,1.0,75.0,exact-equivalence,total_seconds,2,True,0.9574520408641547,0.8401727909222245,1.0747312908060849
clustering,1.0,100.0,exact-equivalence,total_seconds,2,True,0.9924795206170529,0.8470428334549069,1.1379162077791989
clustering,0.0,0.0,random,total_seconds,2,True,0.9424426252953708,0.8717862088233232,1.0130990417674184
clustering,0.0,1.0,random,total_seconds,2,True,0.8127354581374675,0.7943679168820381,0.8311029993928969
clustering,0.0,5.0,random,total_seconds,2,True,0.8128042297903448,0.7999369585886598,0.8256715009920299
clustering,0.0,10.0,random,total_seconds,2,True,1.0115716462023556,0.7996896249242127,1.2234536674804986
clustering,0.0,25.0,random,total_seconds,2,True,0.8896991044748574,0.7359694172628224,1.0434287916868925
clustering,0.0,50.0,random,total_seconds,2,True,0.8477518130093813,0.7796016670763493,0.9159019589424133
clustering,0.0,75.0,random,total_seconds,2,True,0.7736906462814659,0.7417294173501432,0.8056518752127886
clustering,0.0,100.0,random,total_seconds,2,True,0.8093221462331712,0.7880305843427777,0.8306137081235647
clustering,0.5,0.0,random,total_seconds,2,True,0.8050561882555485,0.7725945431739092,0.8375178333371878
clustering,0.5,1.0,random,total_seconds,2,True,0.8142540212720633,0.7714292509481311,0.8570787915959954
clustering,0.5,5.0,random,total_seconds,2,True,0.9012663117609918,0.8471205406822264,0.9554120828397572
clustering,0.5,10.0,random,total_seconds,2,True,0.8569541666656733,0.8484390829689801,0.8654692503623664
clustering,0.5,25.0,random,total_seconds,2,True,0.8910912305582315,0.8822562098503113,0.8999262512661517
clustering,0.5,50.0,random,total_seconds,2,True,0.87983304169029,0.8553357911296189,0.9043302922509611
clustering,0.5,75.0,random,total_seconds,2,True,0.8504556459374726,0.7276241667568684,0.9732871251180768
clustering,0.5,100.0,random,total_seconds,2,True,0.8780018950346857,0.7720842491835356,0.9839195408858359
clustering,1.0,0.0,random,total_seconds,2,True,0.9697386242914945,0.9291820409707725,1.0102952076122165
clustering,1.0,1.0,random,total_seconds,2,True,1.0025314793456346,0.9469402921386063,1.0581226665526628
clustering,1.0,5.0,random,total_seconds,2,True,1.006285291397944,0.9875740827992558,1.0249964999966323
clustering,1.0,10.0,random,total_seconds,2,True,1.2013857911806554,1.0459610833786428,1.356810498982668
clustering,1.0,25.0,random,total_seconds,2,True,1.313234250759706,0.9483430422842503,1.6781254592351615
clustering,1.0,50.0,random,total_seconds,2,True,1.221349936677143,0.9926315825432539,1.450068290811032
clustering,1.0,75.0,random,total_seconds,2,True,1.1854222293477505,1.0891303336247802,1.281714125070721
clustering,1.0,100.0,random,total_seconds,2,True,1.137292833533138,0.9630297920666635,1.3115558749996126
clustering,0.0,0.0,topology,total_seconds,2,True,1.0115192076191306,0.7879665410146117,1.2350718742236495
clustering,0.0,1.0,topology,total_seconds,2,True,0.9181732712313533,0.8148592081852257,1.0214873342774808
clustering,0.0,5.0,topology,total_seconds,2,True,0.8110603964887559,0.8079345002770424,0.8141862927004695
clustering,0.0,10.0,topology,total_seconds,2,True,1.2772752088494599,0.8203094168566167,1.734241000842303
clustering,0.0,25.0,topology,total_seconds,2,True,0.8830918748863041,0.7212264998815954,1.044957249891013
clustering,0.0,50.0,topology,total_seconds,2,True,0.9441364996600896,0.7459734575822949,1.1422995417378843
clustering,0.0,75.0,topology,total_seconds,2,True,0.9020173328462988,0.8564281659200788,0.9476064997725189
clustering,0.0,100.0,topology,total_seconds,2,True,0.9065752297174186,0.7971929586492479,1.0159575007855892
clustering,0.5,0.0,topology,total_seconds,2,True,0.7885918540414423,0.7521583749912679,0.8250253330916166
clustering,0.5,1.0,topology,total_seconds,2,True,0.8829176872968674,0.8073655003681779,0.9584698742255569
clustering,0.5,5.0,topology,total_seconds,2,True,0.8962993337772787,0.8726915414445102,0.9199071261100471
clustering,0.5,10.0,topology,total_seconds,2,True,0.8513216252904385,0.8100790837779641,0.892564166802913
clustering,0.5,25.0,topology,total_seconds,2,True,0.8765918959397823,0.8262333748862147,0.9269504169933498
clustering,0.5,50.0,topology,total_seconds,2,True,0.8586779364850372,0.8282233318313956,0.8891325411386788
clustering,0.5,75.0,topology,total_seconds,2,True,0.8529380413237959,0.7677838332019746,0.9380922494456172
clustering,0.5,100.0,topology,total_seconds,2,True,1.005986666539684,0.8577913329936564,1.1541820000857115
clustering,1.0,0.0,topology,total_seconds,2,True,0.9931908748112619,0.9684927072376013,1.0178890423849225
clustering,1.0,1.0,topology,total_seconds,2,True,1.1441430000122637,1.0335520412772894,1.254733958747238
clustering,1.0,5.0,topology,total_seconds,2,True,1.0768362912349403,1.0547469579614699,1.0989256245084107
clustering,1.0,10.0,topology,total_seconds,2,True,1.1251976455096155,0.941166500095278,1.309228790923953
clustering,1.0,25.0,topology,total_seconds,2,True,1.401240749983117,1.0477150422520936,1.7547664577141404
clustering,1.0,50.0,topology,total_seconds,2,True,1.194609040627256,1.0562995821237564,1.3329184991307557
clustering,1.0,75.0,topology,total_seconds,2,True,1.2736864581238478,1.0282238740473986,1.5191490422002971
clustering,1.0,100.0,topology,total_seconds,2,True,1.2756175622344017,1.1737963743507862,1.3774387501180172
clustering,0.0,0.0,combined,total_seconds,2,True,0.452601584373042,0.3055534176528454,0.5996497510932386
clustering,0.0,1.0,combined,total_seconds,2,True,0.31726041669026017,0.23574670823290944,0.3987741251476109
clustering,0.0,5.0,combined,total_seconds,2,True,0.2636511467862874,0.23275450011715293,0.2945477934554219
clustering,0.0,10.0,combined,total_seconds,2,True,0.2767054585274309,0.2631848338060081,0.2902260832488537
clustering,0.0,25.0,combined,total_seconds,2,True,0.2880358546972275,0.25142000103369355,0.3246517083607614
clustering,0.0,50.0,combined,total_seconds,2,True,0.3735781665891409,0.3613952910527587,0.3857610421255231
clustering,0.0,75.0,combined,total_seconds,2,True,0.34185385308228433,0.3044403325766325,0.37926737358793616
clustering,0.0,100.0,combined,total_seconds,2,True,0.29799287486821413,0.25362970773130655,0.3423560420051217
clustering,0.5,0.0,combined,total_seconds,2,True,0.2561502705793828,0.2442188747227192,0.26808166643604636
clustering,0.5,1.0,combined,total_seconds,2,True,0.29713783343322575,0.2815165421925485,0.312759124673903
clustering,0.5,5.0,combined,total_seconds,2,True,0.3039134591817856,0.27637137565761805,0.3314555427059531
clustering,0.5,10.0,combined,total_seconds,2,True,0.9173631258308887,0.30576483346521854,1.528961418196559
clustering,0.5,25.0,combined,total_seconds,2,True,0.289463666966185,0.28172016702592373,0.2972071669064462
clustering,0.5,50.0,combined,total_seconds,2,True,0.2814014998730272,0.27382754208520055,0.28897545766085386
clustering,0.5,75.0,combined,total_seconds,2,True,0.2745287921279669,0.22951095923781395,0.3195466250181198
clustering,0.5,100.0,combined,total_seconds,2,True,0.32976577105000615,0.2950684172101319,0.3644631248898804
clustering,1.0,0.0,combined,total_seconds,2,True,0.31621735356748104,0.30512158293277025,0.32731312420219183
clustering,1.0,1.0,combined,total_seconds,2,True,0.32498191692866385,0.31775983422994614,0.33220399962738156
clustering,1.0,5.0,combined,total_seconds,2,True,0.3861235829535872,0.3815891253761947,0.39065804053097963
clustering,1.0,10.0,combined,total_seconds,2,True,0.3773256465792656,0.3344426262192428,0.4202086669392884
clustering,1.0,25.0,combined,total_seconds,2,True,0.4596305207815021,0.3443587082438171,0.5749023333191872
clustering,1.0,50.0,combined,total_seconds,2,True,0.3869711458683014,0.31382362404838204,0.46011866768822074
clustering,1.0,75.0,combined,total_seconds,2,True,0.3949182294309139,0.36584254214540124,0.4239939167164266
clustering,1.0,100.0,combined,total_seconds,2,True,0.37249641702510417,0.3318502502515912,0.4131425837986171
clustering,0.0,0.0,filter,total_seconds,2,True,0.9056110833771527,0.872330124489963,0.9388920422643423
clustering,0.0,1.0,filter,total_seconds,2,True,0.8656173748895526,0.849859332665801,0.8813754171133041
clustering,0.0,5.0,filter,total_seconds,2,True,2.239738624310121,0.881736290641129,3.597740957979113
clustering,0.0,10.0,filter,total_seconds,2,True,2.653321479447186,1.608742291573435,3.697900667320937
clustering,0.0,25.0,filter,total_seconds,2,True,16.192942956928164,14.941460207570344,17.444425706285983
clustering,0.0,50.0,filter,total_seconds,2,True,12.773120332043618,12.294637873303145,13.25160279078409
clustering,0.0,75.0,filter,total_seconds,2,True,11.780908979242668,11.619675416499376,11.942142541985959
clustering,0.0,100.0,filter,total_seconds,2,True,11.54467099905014,10.975363624747843,12.113978373352438
clustering,0.5,0.0,filter,total_seconds,2,True,0.8645563749596477,0.8280586246401072,0.9010541252791882
clustering,0.5,1.0,filter,total_seconds,2,True,0.8345422293059528,0.7810808746144176,0.888003583997488
clustering,0.5,5.0,filter,total_seconds,2,True,2.3709496667142957,0.9959423746913671,3.7459569587372243
clustering,0.5,10.0,filter,total_seconds,2,True,5.689122771378607,4.468428874388337,6.909816668368876
clustering,0.5,25.0,filter,total_seconds,2,True,10.139638583408669,7.026170208118856,13.253106958698481
clustering,0.5,50.0,filter,total_seconds,2,True,13.092973853927106,12.503238665871322,13.68270904198289
clustering,0.5,75.0,filter,total_seconds,2,True,12.106543977977708,10.360722373705357,13.852365582250059
clustering,0.5,100.0,filter,total_seconds,2,True,13.392576686572284,12.378568873740733,14.406584499403834
clustering,1.0,0.0,filter,total_seconds,2,True,1.0307513335719705,1.0248448750935495,1.0366577920503914
clustering,1.0,1.0,filter,total_seconds,2,True,1.0603010843042284,0.9920688346028328,1.128533334005624
clustering,1.0,5.0,filter,total_seconds,2,True,1.1617884577717632,1.0272699994966388,1.2963069160468876
clustering,1.0,10.0,filter,total_seconds,2,True,6.359977270709351,4.975018457975239,7.744936083443463
clustering,1.0,25.0,filter,total_seconds,2,True,11.179623146774247,10.899660418275744,11.45958587527275
clustering,1.0,50.0,filter,total_seconds,2,True,19.208636354887858,15.48323962604627,22.934033083729446
clustering,1.0,75.0,filter,total_seconds,2,True,16.02636979217641,14.558791249524802,17.49394833482802
clustering,1.0,100.0,filter,total_seconds,2,True,17.10833775019273,14.406164125073701,19.810511375311762
clustering,0.0,0.0,filter-aggressive,total_seconds,2,True,0.9024638955015689,0.8953721662983298,0.909555624704808
clustering,0.0,1.0,filter-aggressive,total_seconds,2,True,0.9342495617456734,0.9040697487071157,0.9644293747842312
clustering,0.0,5.0,filter-aggressive,total_seconds,2,True,2.2931819793302566,0.8691387088038027,3.7172252498567104
clustering,0.0,10.0,filter-aggressive,total_seconds,2,True,2.325550811132416,1.0008063316345215,3.6502952906303108
clustering,0.0,25.0,filter-aggressive,total_seconds,2,True,13.042815708788112,12.586018125060946,13.499613292515278
clustering,0.0,50.0,filter-aggressive,total_seconds,2,True,12.501254145987332,12.380909000057727,12.621599291916937
clustering,0.0,75.0,filter-aggressive,total_seconds,2,True,13.279445374151692,12.505117624532431,14.053773123770952
clustering,0.0,100.0,filter-aggressive,total_seconds,2,True,12.75515649956651,12.075364917051047,13.434948082081974
clustering,0.5,0.0,filter-aggressive,total_seconds,2,True,0.8614994578529149,0.8330265828408301,0.8899723328649998
clustering,0.5,1.0,filter-aggressive,total_seconds,2,True,0.8888771871570498,0.8452018336392939,0.9325525406748056
clustering,0.5,5.0,filter-aggressive,total_seconds,2,True,2.3877955835778266,0.8935702089220285,3.8820209582336247
clustering,0.5,10.0,filter-aggressive,total_seconds,2,True,5.443716729525477,3.798331168014556,7.089102291036397
clustering,0.5,25.0,filter-aggressive,total_seconds,2,True,10.051289186812937,6.82135274913162,13.281225624494255
clustering,0.5,50.0,filter-aggressive,total_seconds,2,True,11.796338709071279,10.136232583783567,13.45644483435899
clustering,0.5,75.0,filter-aggressive,total_seconds,2,True,12.209856874775141,10.759449708275497,13.660264041274786
clustering,0.5,100.0,filter-aggressive,total_seconds,2,True,13.430269208969548,12.614935792516917,14.24560262542218
clustering,1.0,0.0,filter-aggressive,total_seconds,2,True,1.103146499954164,1.0693096248432994,1.1369833750650287
clustering,1.0,1.0,filter-aggressive,total_seconds,2,True,1.1855856031179428,1.0465687904506922,1.3246024157851934
clustering,1.0,5.0,filter-aggressive,total_seconds,2,True,1.1069778122473508,1.0587123329751194,1.1552432915195823
clustering,1.0,10.0,filter-aggressive,total_seconds,2,True,6.563477500341833,5.224202417302877,7.902752583380789
clustering,1.0,25.0,filter-aggressive,total_seconds,2,True,11.80778650008142,11.252452332992107,12.363120667170733
clustering,1.0,50.0,filter-aggressive,total_seconds,2,True,16.534698749892414,14.325544332619756,18.74385316716507
clustering,1.0,75.0,filter-aggressive,total_seconds,2,True,17.653941750526428,16.541477916762233,18.766405584290624
clustering,1.0,100.0,filter-aggressive,total_seconds,2,True,16.504499521804973,14.602602168451995,18.406396875157952
clustering,0.0,0.0,sample-random,total_seconds,2,True,8.461182853672653,8.37301266565919,8.549353041686118
clustering,0.0,1.0,sample-random,total_seconds,2,True,8.949545332463458,8.53601412428543,9.363076540641487
clustering,0.0,5.0,sample-random,total_seconds,2,True,8.489422666141763,8.48601849982515,8.492826832458377
clustering,0.0,10.0,sample-random,total_seconds,2,True,9.900828230660409,8.368950751144439,11.432705710176378
clustering,0.0,25.0,sample-random,total_seconds,2,True,10.18135739536956,8.618918916676193,11.743795874062926
clustering,0.0,50.0,sample-random,total_seconds,2,True,10.626726625487208,9.778361209202558,11.475092041771859
clustering,0.0,75.0,sample-random,total_seconds,2,True,8.843487416161224,8.682415124028921,9.004559708293527
clustering,0.0,100.0,sample-random,total_seconds,2,True,9.874619104200974,9.209994166623801,10.539244041778147
clustering,0.5,0.0,sample-random,total_seconds,2,True,7.958491834346205,7.524309542030096,8.392674126662314
clustering,0.5,1.0,sample-random,total_seconds,2,True,8.15436914563179,7.558694624807686,8.750043666455895
clustering,0.5,5.0,sample-random,total_seconds,2,True,8.938138853758574,8.871217166539282,9.005060540977865
clustering,0.5,10.0,sample-random,total_seconds,2,True,8.691837521735579,8.43695479258895,8.946720250882208
clustering,0.5,25.0,sample-random,total_seconds,2,True,9.064097438007593,9.047242751345038,9.080952124670148
clustering,0.5,50.0,sample-random,total_seconds,2,True,8.331980248913169,7.3852240410633385,9.278736456763
clustering,0.5,75.0,sample-random,total_seconds,2,True,8.348928124643862,7.059889166150242,9.637967083137482
clustering,0.5,100.0,sample-random,total_seconds,2,True,9.267383666941896,9.040637999773026,9.494129334110767
clustering,1.0,0.0,sample-random,total_seconds,2,True,9.821315041743219,9.575799958314747,10.066830125171691
clustering,1.0,1.0,sample-random,total_seconds,2,True,10.170823916327208,9.700891333632171,10.640756499022245
clustering,1.0,5.0,sample-random,total_seconds,2,True,11.248763354029506,10.24833641666919,12.249190291389823
clustering,1.0,10.0,sample-random,total_seconds,2,True,12.015780582558364,10.330500000156462,13.701061164960265
clustering,1.0,25.0,sample-random,total_seconds,2,True,13.328029270516708,10.210201917216182,16.445856623817235
clustering,1.0,50.0,sample-random,total_seconds,2,True,12.882698083529249,9.974377749953419,15.791018417105079
clustering,1.0,75.0,sample-random,total_seconds,2,True,10.974657604005188,10.090692415833473,11.858622792176902
clustering,1.0,100.0,sample-random,total_seconds,2,True,11.5243450619746,10.409034666139632,12.639655457809567
clustering,0.0,0.0,default,render_invocations,2,True,256.0,256.0,256.0
clustering,0.0,1.0,default,render_invocations,2,True,256.0,256.0,256.0
clustering,0.0,5.0,default,render_invocations,2,True,256.0,256.0,256.0
clustering,0.0,10.0,default,render_invocations,2,True,256.0,256.0,256.0
clustering,0.0,25.0,default,render_invocations,2,True,256.0,256.0,256.0
clustering,0.0,50.0,default,render_invocations,2,True,256.0,256.0,256.0
clustering,0.0,75.0,default,render_invocations,2,True,256.0,256.0,256.0
clustering,0.0,100.0,default,render_invocations,2,True,256.0,256.0,256.0
clustering,0.5,0.0,default,render_invocations,2,True,256.0,256.0,256.0
clustering,0.5,1.0,default,render_invocations,2,True,256.0,256.0,256.0
clustering,0.5,5.0,default,render_invocations,2,True,256.0,256.0,256.0
clustering,0.5,10.0,default,render_invocations,2,True,256.0,256.0,256.0
clustering,0.5,25.0,default,render_invocations,2,True,256.0,256.0,256.0
clustering,0.5,50.0,default,render_invocations,2,True,256.0,256.0,256.0
clustering,0.5,75.0,default,render_invocations,2,True,256.0,256.0,256.0
clustering,0.5,100.0,default,render_invocations,2,True,256.0,256.0,256.0
clustering,1.0,0.0,default,render_invocations,2,True,256.0,256.0,256.0
clustering,1.0,1.0,default,render_invocations,2,True,256.0,256.0,256.0
clustering,1.0,5.0,default,render_invocations,2,True,256.0,256.0,256.0
clustering,1.0,10.0,default,render_invocations,2,True,256.0,256.0,256.0
clustering,1.0,25.0,default,render_invocations,2,True,256.0,256.0,256.0
clustering,1.0,50.0,default,render_invocations,2,True,256.0,256.0,256.0
clustering,1.0,75.0,default,render_invocations,2,True,256.0,256.0,256.0
clustering,1.0,100.0,default,render_invocations,2,True,256.0,256.0,256.0
clustering,0.0,0.0,exact-equivalence,render_invocations,2,True,4.0,4.0,4.0
clustering,0.0,1.0,exact-equivalence,render_invocations,2,True,4.0,4.0,4.0
clustering,0.0,5.0,exact-equivalence,render_invocations,2,True,4.0,4.0,4.0
clustering,0.0,10.0,exact-equivalence,render_invocations,2,True,4.0,4.0,4.0
clustering,0.0,25.0,exact-equivalence,render_invocations,2,True,4.0,4.0,4.0
clustering,0.0,50.0,exact-equivalence,render_invocations,2,True,4.0,4.0,4.0
clustering,0.0,75.0,exact-equivalence,render_invocations,2,True,4.0,4.0,4.0
clustering,0.0,100.0,exact-equivalence,render_invocations,2,True,4.0,4.0,4.0
clustering,0.5,0.0,exact-equivalence,render_invocations,2,True,4.0,4.0,4.0
clustering,0.5,1.0,exact-equivalence,render_invocations,2,True,4.0,4.0,4.0
clustering,0.5,5.0,exact-equivalence,render_invocations,2,True,4.0,4.0,4.0
clustering,0.5,10.0,exact-equivalence,render_invocations,2,True,4.0,4.0,4.0
clustering,0.5,25.0,exact-equivalence,render_invocations,2,True,4.0,4.0,4.0
clustering,0.5,50.0,exact-equivalence,render_invocations,2,True,4.0,4.0,4.0
clustering,0.5,75.0,exact-equivalence,render_invocations,2,True,4.0,4.0,4.0
clustering,0.5,100.0,exact-equivalence,render_invocations,2,True,4.0,4.0,4.0
clustering,1.0,0.0,exact-equivalence,render_invocations,2,True,4.0,4.0,4.0
clustering,1.0,1.0,exact-equivalence,render_invocations,2,True,4.0,4.0,4.0
clustering,1.0,5.0,exact-equivalence,render_invocations,2,True,4.0,4.0,4.0
clustering,1.0,10.0,exact-equivalence,render_invocations,2,True,4.0,4.0,4.0
clustering,1.0,25.0,exact-equivalence,render_invocations,2,True,4.0,4.0,4.0
clustering,1.0,50.0,exact-equivalence,render_invocations,2,True,4.0,4.0,4.0
clustering,1.0,75.0,exact-equivalence,render_invocations,2,True,4.0,4.0,4.0
clustering,1.0,100.0,exact-equivalence,render_invocations,2,True,4.0,4.0,4.0
clustering,0.0,0.0,random,render_invocations,2,True,17.0,17.0,17.0
clustering,0.0,1.0,random,render_invocations,2,True,17.0,17.0,17.0
clustering,0.0,5.0,random,render_invocations,2,True,17.0,17.0,17.0
clustering,0.0,10.0,random,render_invocations,2,True,17.0,17.0,17.0
clustering,0.0,25.0,random,render_invocations,2,True,17.0,17.0,17.0
clustering,0.0,50.0,random,render_invocations,2,True,17.0,17.0,17.0
clustering,0.0,75.0,random,render_invocations,2,True,17.0,17.0,17.0
clustering,0.0,100.0,random,render_invocations,2,True,17.0,17.0,17.0
clustering,0.5,0.0,random,render_invocations,2,True,17.0,17.0,17.0
clustering,0.5,1.0,random,render_invocations,2,True,17.0,17.0,17.0
clustering,0.5,5.0,random,render_invocations,2,True,17.0,17.0,17.0
clustering,0.5,10.0,random,render_invocations,2,True,17.0,17.0,17.0
clustering,0.5,25.0,random,render_invocations,2,True,17.0,17.0,17.0
clustering,0.5,50.0,random,render_invocations,2,True,17.0,17.0,17.0
clustering,0.5,75.0,random,render_invocations,2,True,17.0,17.0,17.0
clustering,0.5,100.0,random,render_invocations,2,True,17.0,17.0,17.0
clustering,1.0,0.0,random,render_invocations,2,True,17.0,17.0,17.0
clustering,1.0,1.0,random,render_invocations,2,True,17.0,17.0,17.0
clustering,1.0,5.0,random,render_invocations,2,True,17.0,17.0,17.0
clustering,1.0,10.0,random,render_invocations,2,True,17.0,17.0,17.0
clustering,1.0,25.0,random,render_invocations,2,True,17.0,17.0,17.0
clustering,1.0,50.0,random,render_invocations,2,True,17.0,17.0,17.0
clustering,1.0,75.0,random,render_invocations,2,True,17.0,17.0,17.0
clustering,1.0,100.0,random,render_invocations,2,True,17.0,17.0,17.0
clustering,0.0,0.0,topology,render_invocations,2,True,17.0,17.0,17.0
clustering,0.0,1.0,topology,render_invocations,2,True,17.0,17.0,17.0
clustering,0.0,5.0,topology,render_invocations,2,True,17.0,17.0,17.0
clustering,0.0,10.0,topology,render_invocations,2,True,17.0,17.0,17.0
clustering,0.0,25.0,topology,render_invocations,2,True,17.0,17.0,17.0
clustering,0.0,50.0,topology,render_invocations,2,True,17.0,17.0,17.0
clustering,0.0,75.0,topology,render_invocations,2,True,17.0,17.0,17.0
clustering,0.0,100.0,topology,render_invocations,2,True,17.0,17.0,17.0
clustering,0.5,0.0,topology,render_invocations,2,True,17.0,17.0,17.0
clustering,0.5,1.0,topology,render_invocations,2,True,17.0,17.0,17.0
clustering,0.5,5.0,topology,render_invocations,2,True,17.0,17.0,17.0
clustering,0.5,10.0,topology,render_invocations,2,True,17.0,17.0,17.0
clustering,0.5,25.0,topology,render_invocations,2,True,17.0,17.0,17.0
clustering,0.5,50.0,topology,render_invocations,2,True,17.0,17.0,17.0
clustering,0.5,75.0,topology,render_invocations,2,True,17.0,17.0,17.0
clustering,0.5,100.0,topology,render_invocations,2,True,17.0,17.0,17.0
clustering,1.0,0.0,topology,render_invocations,2,True,17.0,17.0,17.0
clustering,1.0,1.0,topology,render_invocations,2,True,17.0,17.0,17.0
clustering,1.0,5.0,topology,render_invocations,2,True,17.0,17.0,17.0
clustering,1.0,10.0,topology,render_invocations,2,True,17.0,17.0,17.0
clustering,1.0,25.0,topology,render_invocations,2,True,17.0,17.0,17.0
clustering,1.0,50.0,topology,render_invocations,2,True,17.0,17.0,17.0
clustering,1.0,75.0,topology,render_invocations,2,True,17.0,17.0,17.0
clustering,1.0,100.0,topology,render_invocations,2,True,17.0,17.0,17.0
clustering,0.0,0.0,combined,render_invocations,2,True,5.0,5.0,5.0
clustering,0.0,1.0,combined,render_invocations,2,True,5.0,5.0,5.0
clustering,0.0,5.0,combined,render_invocations,2,True,5.0,5.0,5.0
clustering,0.0,10.0,combined,render_invocations,2,True,5.0,5.0,5.0
clustering,0.0,25.0,combined,render_invocations,2,True,5.0,5.0,5.0
clustering,0.0,50.0,combined,render_invocations,2,True,5.0,5.0,5.0
clustering,0.0,75.0,combined,render_invocations,2,True,5.0,5.0,5.0
clustering,0.0,100.0,combined,render_invocations,2,True,5.0,5.0,5.0
clustering,0.5,0.0,combined,render_invocations,2,True,5.0,5.0,5.0
clustering,0.5,1.0,combined,render_invocations,2,True,5.0,5.0,5.0
clustering,0.5,5.0,combined,render_invocations,2,True,5.0,5.0,5.0
clustering,0.5,10.0,combined,render_invocations,2,True,5.0,5.0,5.0
clustering,0.5,25.0,combined,render_invocations,2,True,5.0,5.0,5.0
clustering,0.5,50.0,combined,render_invocations,2,True,5.0,5.0,5.0
clustering,0.5,75.0,combined,render_invocations,2,True,5.0,5.0,5.0
clustering,0.5,100.0,combined,render_invocations,2,True,5.0,5.0,5.0
clustering,1.0,0.0,combined,render_invocations,2,True,5.0,5.0,5.0
clustering,1.0,1.0,combined,render_invocations,2,True,5.0,5.0,5.0
clustering,1.0,5.0,combined,render_invocations,2,True,5.0,5.0,5.0
clustering,1.0,10.0,combined,render_invocations,2,True,5.0,5.0,5.0
clustering,1.0,25.0,combined,render_invocations,2,True,5.0,5.0,5.0
clustering,1.0,50.0,combined,render_invocations,2,True,5.0,5.0,5.0
clustering,1.0,75.0,combined,render_invocations,2,True,5.0,5.0,5.0
clustering,1.0,100.0,combined,render_invocations,2,True,5.0,5.0,5.0
clustering,0.0,0.0,filter,render_invocations,2,True,17.0,17.0,17.0
clustering,0.0,1.0,filter,render_invocations,2,True,17.0,17.0,17.0
clustering,0.0,5.0,filter,render_invocations,2,True,47.0,17.0,77.0
clustering,0.0,10.0,filter,render_invocations,2,True,47.0,17.0,77.0
clustering,0.0,25.0,filter,render_invocations,2,True,226.0,196.0,256.0
clustering,0.0,50.0,filter,render_invocations,2,True,226.0,196.0,256.0
clustering,0.0,75.0,filter,render_invocations,2,True,256.0,256.0,256.0
clustering,0.0,100.0,filter,render_invocations,2,True,256.0,256.0,256.0
clustering,0.5,0.0,filter,render_invocations,2,True,17.0,17.0,17.0
clustering,0.5,1.0,filter,render_invocations,2,True,17.0,17.0,17.0
clustering,0.5,5.0,filter,render_invocations,2,True,47.0,17.0,77.0
clustering,0.5,10.0,filter,render_invocations,2,True,106.5,77.0,136.0
clustering,0.5,25.0,filter,render_invocations,2,True,196.5,137.0,256.0
clustering,0.5,50.0,filter,render_invocations,2,True,256.0,256.0,256.0
clustering,0.5,75.0,filter,render_invocations,2,True,256.0,256.0,256.0
clustering,0.5,100.0,filter,render_invocations,2,True,256.0,256.0,256.0
clustering,1.0,0.0,filter,render_invocations,2,True,17.0,17.0,17.0
clustering,1.0,1.0,filter,render_invocations,2,True,17.0,17.0,17.0
clustering,1.0,5.0,filter,render_invocations,2,True,17.0,17.0,17.0
clustering,1.0,10.0,filter,render_invocations,2,True,106.5,76.0,137.0
clustering,1.0,25.0,filter,render_invocations,2,True,166.5,136.0,197.0
clustering,1.0,50.0,filter,render_invocations,2,True,256.0,256.0,256.0
clustering,1.0,75.0,filter,render_invocations,2,True,256.0,256.0,256.0
clustering,1.0,100.0,filter,render_invocations,2,True,256.0,256.0,256.0
clustering,0.0,0.0,filter-aggressive,render_invocations,2,True,17.0,17.0,17.0
clustering,0.0,1.0,filter-aggressive,render_invocations,2,True,17.0,17.0,17.0
clustering,0.0,5.0,filter-aggressive,render_invocations,2,True,47.0,17.0,77.0
clustering,0.0,10.0,filter-aggressive,render_invocations,2,True,47.0,17.0,77.0
clustering,0.0,25.0,filter-aggressive,render_invocations,2,True,226.0,196.0,256.0
clustering,0.0,50.0,filter-aggressive,render_invocations,2,True,226.0,196.0,256.0
clustering,0.0,75.0,filter-aggressive,render_invocations,2,True,256.0,256.0,256.0
clustering,0.0,100.0,filter-aggressive,render_invocations,2,True,256.0,256.0,256.0
clustering,0.5,0.0,filter-aggressive,render_invocations,2,True,17.0,17.0,17.0
clustering,0.5,1.0,filter-aggressive,render_invocations,2,True,17.0,17.0,17.0
clustering,0.5,5.0,filter-aggressive,render_invocations,2,True,47.0,17.0,77.0
clustering,0.5,10.0,filter-aggressive,render_invocations,2,True,106.5,77.0,136.0
clustering,0.5,25.0,filter-aggressive,render_invocations,2,True,196.5,137.0,256.0
clustering,0.5,50.0,filter-aggressive,render_invocations,2,True,256.0,256.0,256.0
clustering,0.5,75.0,filter-aggressive,render_invocations,2,True,256.0,256.0,256.0
clustering,0.5,100.0,filter-aggressive,render_invocations,2,True,256.0,256.0,256.0
clustering,1.0,0.0,filter-aggressive,render_invocations,2,True,17.0,17.0,17.0
clustering,1.0,1.0,filter-aggressive,render_invocations,2,True,17.0,17.0,17.0
clustering,1.0,5.0,filter-aggressive,render_invocations,2,True,17.0,17.0,17.0
clustering,1.0,10.0,filter-aggressive,render_invocations,2,True,106.5,76.0,137.0
clustering,1.0,25.0,filter-aggressive,render_invocations,2,True,166.5,136.0,197.0
clustering,1.0,50.0,filter-aggressive,render_invocations,2,True,256.0,256.0,256.0
clustering,1.0,75.0,filter-aggressive,render_invocations,2,True,256.0,256.0,256.0
clustering,1.0,100.0,filter-aggressive,render_invocations,2,True,256.0,256.0,256.0
clustering,0.0,0.0,sample-random,render_invocations,2,True,180.0,180.0,180.0
clustering,0.0,1.0,sample-random,render_invocations,2,True,180.0,180.0,180.0
clustering,0.0,5.0,sample-random,render_invocations,2,True,180.0,180.0,180.0
clustering,0.0,10.0,sample-random,render_invocations,2,True,180.0,180.0,180.0
clustering,0.0,25.0,sample-random,render_invocations,2,True,180.0,180.0,180.0
clustering,0.0,50.0,sample-random,render_invocations,2,True,180.0,180.0,180.0
clustering,0.0,75.0,sample-random,render_invocations,2,True,180.0,180.0,180.0
clustering,0.0,100.0,sample-random,render_invocations,2,True,180.0,180.0,180.0
clustering,0.5,0.0,sample-random,render_invocations,2,True,180.0,180.0,180.0
clustering,0.5,1.0,sample-random,render_invocations,2,True,180.0,180.0,180.0
clustering,0.5,5.0,sample-random,render_invocations,2,True,180.0,180.0,180.0
clustering,0.5,10.0,sample-random,render_invocations,2,True,180.0,180.0,180.0
clustering,0.5,25.0,sample-random,render_invocations,2,True,180.0,180.0,180.0
clustering,0.5,50.0,sample-random,render_invocations,2,True,180.0,180.0,180.0
clustering,0.5,75.0,sample-random,render_invocations,2,True,180.0,180.0,180.0
clustering,0.5,100.0,sample-random,render_invocations,2,True,180.0,180.0,180.0
clustering,1.0,0.0,sample-random,render_invocations,2,True,180.0,180.0,180.0
clustering,1.0,1.0,sample-random,render_invocations,2,True,180.0,180.0,180.0
clustering,1.0,5.0,sample-random,render_invocations,2,True,180.0,180.0,180.0
clustering,1.0,10.0,sample-random,render_invocations,2,True,180.0,180.0,180.0
clustering,1.0,25.0,sample-random,render_invocations,2,True,180.0,180.0,180.0
clustering,1.0,50.0,sample-random,render_invocations,2,True,180.0,180.0,180.0
clustering,1.0,75.0,sample-random,render_invocations,2,True,180.0,180.0,180.0
clustering,1.0,100.0,sample-random,render_invocations,2,True,180.0,180.0,180.0
clustering,0.0,0.0,default,error_recall,2,True,,,
clustering,0.0,1.0,default,error_recall,2,True,1.0,1.0,1.0
clustering,0.0,5.0,default,error_recall,2,True,1.0,1.0,1.0
clustering,0.0,10.0,default,error_recall,2,True,1.0,1.0,1.0
clustering,0.0,25.0,default,error_recall,2,True,1.0,1.0,1.0
clustering,0.0,50.0,default,error_recall,2,True,1.0,1.0,1.0
clustering,0.0,75.0,default,error_recall,2,True,1.0,1.0,1.0
clustering,0.0,100.0,default,error_recall,2,True,1.0,1.0,1.0
clustering,0.5,0.0,default,error_recall,2,True,,,
clustering,0.5,1.0,default,error_recall,2,True,1.0,1.0,1.0
clustering,0.5,5.0,default,error_recall,2,True,1.0,1.0,1.0
clustering,0.5,10.0,default,error_recall,2,True,1.0,1.0,1.0
clustering,0.5,25.0,default,error_recall,2,True,1.0,1.0,1.0
clustering,0.5,50.0,default,error_recall,2,True,1.0,1.0,1.0
clustering,0.5,75.0,default,error_recall,2,True,1.0,1.0,1.0
clustering,0.5,100.0,default,error_recall,2,True,1.0,1.0,1.0
clustering,1.0,0.0,default,error_recall,2,True,,,
clustering,1.0,1.0,default,error_recall,2,True,1.0,1.0,1.0
clustering,1.0,5.0,default,error_recall,2,True,1.0,1.0,1.0
clustering,1.0,10.0,default,error_recall,2,True,1.0,1.0,1.0
clustering,1.0,25.0,default,error_recall,2,True,1.0,1.0,1.0
clustering,1.0,50.0,default,error_recall,2,True,1.0,1.0,1.0
clustering,1.0,75.0,default,error_recall,2,True,1.0,1.0,1.0
clustering,1.0,100.0,default,error_recall,2,True,1.0,1.0,1.0
clustering,0.0,0.0,exact-equivalence,error_recall,2,True,,,
clustering,0.0,1.0,exact-equivalence,error_recall,2,True,1.0,1.0,1.0
clustering,0.0,5.0,exact-equivalence,error_recall,2,True,1.0,1.0,1.0
clustering,0.0,10.0,exact-equivalence,error_recall,2,True,1.0,1.0,1.0
clustering,0.0,25.0,exact-equivalence,error_recall,2,True,1.0,1.0,1.0
clustering,0.0,50.0,exact-equivalence,error_recall,2,True,1.0,1.0,1.0
clustering,0.0,75.0,exact-equivalence,error_recall,2,True,1.0,1.0,1.0
clustering,0.0,100.0,exact-equivalence,error_recall,2,True,1.0,1.0,1.0
clustering,0.5,0.0,exact-equivalence,error_recall,2,True,,,
clustering,0.5,1.0,exact-equivalence,error_recall,2,True,1.0,1.0,1.0
clustering,0.5,5.0,exact-equivalence,error_recall,2,True,1.0,1.0,1.0
clustering,0.5,10.0,exact-equivalence,error_recall,2,True,1.0,1.0,1.0
clustering,0.5,25.0,exact-equivalence,error_recall,2,True,1.0,1.0,1.0
clustering,0.5,50.0,exact-equivalence,error_recall,2,True,1.0,1.0,1.0
clustering,0.5,75.0,exact-equivalence,error_recall,2,True,1.0,1.0,1.0
clustering,0.5,100.0,exact-equivalence,error_recall,2,True,1.0,1.0,1.0
clustering,1.0,0.0,exact-equivalence,error_recall,2,True,,,
clustering,1.0,1.0,exact-equivalence,error_recall,2,True,1.0,1.0,1.0
clustering,1.0,5.0,exact-equivalence,error_recall,2,True,1.0,1.0,1.0
clustering,1.0,10.0,exact-equivalence,error_recall,2,True,1.0,1.0,1.0
clustering,1.0,25.0,exact-equivalence,error_recall,2,True,1.0,1.0,1.0
clustering,1.0,50.0,exact-equivalence,error_recall,2,True,1.0,1.0,1.0
clustering,1.0,75.0,exact-equivalence,error_recall,2,True,1.0,1.0,1.0
clustering,1.0,100.0,exact-equivalence,error_recall,2,True,1.0,1.0,1.0
clustering,0.0,0.0,random,error_recall,2,True,,,
clustering,0.0,1.0,random,error_recall,2,True,0.0,0.0,0.0
clustering,0.0,5.0,random,error_recall,2,True,0.0,0.0,0.0
clustering,0.0,10.0,random,error_recall,2,True,0.04,0.0,0.08
clustering,0.0,25.0,random,error_recall,2,True,0.0546875,0.046875,0.0625
clustering,0.0,50.0,random,error_recall,2,True,0.05859375,0.0390625,0.078125
clustering,0.0,75.0,random,error_recall,2,True,0.0546875,0.046875,0.0625
clustering,0.0,100.0,random,error_recall,2,True,0.06640625,0.06640625,0.06640625
clustering,0.5,0.0,random,error_recall,2,True,,,
clustering,0.5,1.0,random,error_recall,2,True,0.0,0.0,0.0
clustering,0.5,5.0,random,error_recall,2,True,0.0,0.0,0.0
clustering,0.5,10.0,random,error_recall,2,True,0.02,0.0,0.04
clustering,0.5,25.0,random,error_recall,2,True,0.046875,0.046875,0.046875
clustering,0.5,50.0,random,error_recall,2,True,0.05078125,0.0390625,0.0625
clustering,0.5,75.0,random,error_recall,2,True,0.0546875,0.052083333333333336,0.057291666666666664
clustering,0.5,100.0,random,error_recall,2,True,0.06640625,0.06640625,0.06640625
clustering,1.0,0.0,random,error_recall,2,True,,,
clustering,1.0,1.0,random,error_recall,2,True,0.0,0.0,0.0
clustering,1.0,5.0,random,error_recall,2,True,0.08333333333333333,0.0,0.16666666666666666
clustering,1.0,10.0,random,error_recall,2,True,0.06,0.04,0.08
clustering,1.0,25.0,random,error_recall,2,True,0.0390625,0.03125,0.046875
clustering,1.0,50.0,random,error_recall,2,True,0.0546875,0.0390625,0.0703125
clustering,1.0,75.0,random,error_recall,2,True,0.06510416666666666,0.0625,0.06770833333333333
clustering,1.0,100.0,random,error_recall,2,True,0.06640625,0.06640625,0.06640625
clustering,0.0,0.0,topology,error_recall,2,True,,,
clustering,0.0,1.0,topology,error_recall,2,True,0.0,0.0,0.0
clustering,0.0,5.0,topology,error_recall,2,True,0.041666666666666664,0.0,0.08333333333333333
clustering,0.0,10.0,topology,error_recall,2,True,0.02,0.0,0.04
clustering,0.0,25.0,topology,error_recall,2,True,0.0703125,0.0625,0.078125
clustering,0.0,50.0,topology,error_recall,2,True,0.0546875,0.0546875,0.0546875
clustering,0.0,75.0,topology,error_recall,2,True,0.0625,0.057291666666666664,0.06770833333333333
clustering,0.0,100.0,topology,error_recall,2,True,0.06640625,0.06640625,0.06640625
clustering,0.5,0.0,topology,error_recall,2,True,,,
clustering,0.5,1.0,topology,error_recall,2,True,0.0,0.0,0.0
clustering,0.5,5.0,topology,error_recall,2,True,0.041666666666666664,0.0,0.08333333333333333
clustering,0.5,10.0,topology,error_recall,2,True,0.06,0.04,0.08
clustering,0.5,25.0,topology,error_recall,2,True,0.0546875,0.046875,0.0625
clustering,0.5,50.0,topology,error_recall,2,True,0.05859375,0.0546875,0.0625
clustering,0.5,75.0,topology,error_recall,2,True,0.07552083333333334,0.07291666666666667,0.078125
clustering,0.5,100.0,topology,error_recall,2,True,0.06640625,0.06640625,0.06640625
clustering,1.0,0.0,topology,error_recall,2,True,,,
clustering,1.0,1.0,topology,error_recall,2,True,0.0,0.0,0.0
clustering,1.0,5.0,topology,error_recall,2,True,0.0,0.0,0.0
clustering,1.0,10.0,topology,error_recall,2,True,0.06,0.04,0.08
clustering,1.0,25.0,topology,error_recall,2,True,0.078125,0.0625,0.09375
clustering,1.0,50.0,topology,error_recall,2,True,0.0703125,0.0546875,0.0859375
clustering,1.0,75.0,topology,error_recall,2,True,0.06510416666666667,0.057291666666666664,0.07291666666666667
clustering,1.0,100.0,topology,error_recall,2,True,0.06640625,0.06640625,0.06640625
clustering,0.0,0.0,combined,error_recall,2,True,,,
clustering,0.0,1.0,combined,error_recall,2,True,0.0,0.0,0.0
clustering,0.0,5.0,combined,error_recall,2,True,0.0,0.0,0.0
clustering,0.0,10.0,combined,error_recall,2,True,0.0,0.0,0.0
clustering,0.0,25.0,combined,error_recall,2,True,0.0234375,0.015625,0.03125
clustering,0.0,50.0,combined,error_recall,2,True,0.0234375,0.015625,0.03125
clustering,0.0,75.0,combined,error_recall,2,True,0.018229166666666664,0.015625,0.020833333333333332
clustering,0.0,100.0,combined,error_recall,2,True,0.01953125,0.01953125,0.01953125
clustering,0.5,0.0,combined,error_recall,2,True,,,
clustering,0.5,1.0,combined,error_recall,2,True,0.0,0.0,0.0
clustering,0.5,5.0,combined,error_recall,2,True,0.0,0.0,0.0
clustering,0.5,10.0,combined,error_recall,2,True,0.02,0.0,0.04
clustering,0.5,25.0,combined,error_recall,2,True,0.0234375,0.015625,0.03125
clustering,0.5,50.0,combined,error_recall,2,True,0.0234375,0.015625,0.03125
clustering,0.5,75.0,combined,error_recall,2,True,0.026041666666666668,0.026041666666666668,0.026041666666666668
clustering,0.5,100.0,combined,error_recall,2,True,0.01953125,0.01953125,0.01953125
clustering,1.0,0.0,combined,error_recall,2,True,,,
clustering,1.0,1.0,combined,error_recall,2,True,0.0,0.0,0.0
clustering,1.0,5.0,combined,error_recall,2,True,0.0,0.0,0.0
clustering,1.0,10.0,combined,error_recall,2,True,0.02,0.0,0.04
clustering,1.0,25.0,combined,error_recall,2,True,0.046875,0.046875,0.046875
clustering,1.0,50.0,combined,error_recall,2,True,0.03515625,0.03125,0.0390625
clustering,1.0,75.0,combined,error_recall,2,True,0.0234375,0.020833333333333332,0.026041666666666668
clustering,1.0,100.0,combined,error_recall,2,True,0.01953125,0.01953125,0.01953125
clustering,0.0,0.0,filter,error_recall,2,True,,,
clustering,0.0,1.0,filter,error_recall,2,True,0.0,0.0,0.0
clustering,0.0,5.0,filter,error_recall,2,True,0.16666666666666666,0.0,0.3333333333333333
clustering,0.0,10.0,filter,error_recall,2,True,0.08,0.0,0.16
clustering,0.0,25.0,filter,error_recall,2,True,0.859375,0.71875,1.0
clustering,0.0,50.0,filter,error_recall,2,True,0.875,0.75,1.0
clustering,0.0,75.0,filter,error_recall,2,True,1.0,1.0,1.0
clustering,0.0,100.0,filter,error_recall,2,True,1.0,1.0,1.0
clustering,0.5,0.0,filter,error_recall,2,True,,,
clustering,0.5,1.0,filter,error_recall,2,True,0.0,0.0,0.0
clustering,0.5,5.0,filter,error_recall,2,True,0.041666666666666664,0.0,0.08333333333333333
clustering,0.5,10.0,filter,error_recall,2,True,0.36,0.2,0.52
clustering,0.5,25.0,filter,error_recall,2,True,0.71875,0.4375,1.0
clustering,0.5,50.0,filter,error_recall,2,True,1.0,1.0,1.0
clustering,0.5,75.0,filter,error_recall,2,True,1.0,1.0,1.0
clustering,0.5,100.0,filter,error_recall,2,True,1.0,1.0,1.0
clustering,1.0,0.0,filter,error_recall,2,True,,,
clustering,1.0,1.0,filter,error_recall,2,True,0.0,0.0,0.0
clustering,1.0,5.0,filter,error_recall,2,True,0.0,0.0,0.0
clustering,1.0,10.0,filter,error_recall,2,True,0.72,0.64,0.8
clustering,1.0,25.0,filter,error_recall,2,True,0.8046875,0.6875,0.921875
clustering,1.0,50.0,filter,error_recall,2,True,1.0,1.0,1.0
clustering,1.0,75.0,filter,error_recall,2,True,1.0,1.0,1.0
clustering,1.0,100.0,filter,error_recall,2,True,1.0,1.0,1.0
clustering,0.0,0.0,filter-aggressive,error_recall,2,True,,,
clustering,0.0,1.0,filter-aggressive,error_recall,2,True,0.0,0.0,0.0
clustering,0.0,5.0,filter-aggressive,error_recall,2,True,0.16666666666666666,0.0,0.3333333333333333
clustering,0.0,10.0,filter-aggressive,error_recall,2,True,0.08,0.0,0.16
clustering,0.0,25.0,filter-aggressive,error_recall,2,True,0.859375,0.71875,1.0
clustering,0.0,50.0,filter-aggressive,error_recall,2,True,0.875,0.75,1.0
clustering,0.0,75.0,filter-aggressive,error_recall,2,True,1.0,1.0,1.0
clustering,0.0,100.0,filter-aggressive,error_recall,2,True,1.0,1.0,1.0
clustering,0.5,0.0,filter-aggressive,error_recall,2,True,,,
clustering,0.5,1.0,filter-aggressive,error_recall,2,True,0.0,0.0,0.0
clustering,0.5,5.0,filter-aggressive,error_recall,2,True,0.041666666666666664,0.0,0.08333333333333333
clustering,0.5,10.0,filter-aggressive,error_recall,2,True,0.36,0.2,0.52
clustering,0.5,25.0,filter-aggressive,error_recall,2,True,0.71875,0.4375,1.0
clustering,0.5,50.0,filter-aggressive,error_recall,2,True,1.0,1.0,1.0
clustering,0.5,75.0,filter-aggressive,error_recall,2,True,1.0,1.0,1.0
clustering,0.5,100.0,filter-aggressive,error_recall,2,True,1.0,1.0,1.0
clustering,1.0,0.0,filter-aggressive,error_recall,2,True,,,
clustering,1.0,1.0,filter-aggressive,error_recall,2,True,0.0,0.0,0.0
clustering,1.0,5.0,filter-aggressive,error_recall,2,True,0.0,0.0,0.0
clustering,1.0,10.0,filter-aggressive,error_recall,2,True,0.72,0.64,0.8
clustering,1.0,25.0,filter-aggressive,error_recall,2,True,0.8046875,0.6875,0.921875
clustering,1.0,50.0,filter-aggressive,error_recall,2,True,1.0,1.0,1.0
clustering,1.0,75.0,filter-aggressive,error_recall,2,True,1.0,1.0,1.0
clustering,1.0,100.0,filter-aggressive,error_recall,2,True,1.0,1.0,1.0
clustering,0.0,0.0,sample-random,error_recall,2,True,,,
clustering,0.0,1.0,sample-random,error_recall,2,True,0.5,0.0,1.0
clustering,0.0,5.0,sample-random,error_recall,2,True,0.5833333333333334,0.5833333333333334,0.5833333333333334
clustering,0.0,10.0,sample-random,error_recall,2,True,0.64,0.64,0.64
clustering,0.0,25.0,sample-random,error_recall,2,True,0.7109375,0.65625,0.765625
clustering,0.0,50.0,sample-random,error_recall,2,True,0.6875,0.671875,0.703125
clustering,0.0,75.0,sample-random,error_recall,2,True,0.6848958333333333,0.671875,0.6979166666666666
clustering,0.0,100.0,sample-random,error_recall,2,True,0.703125,0.703125,0.703125
clustering,0.5,0.0,sample-random,error_recall,2,True,,,
clustering,0.5,1.0,sample-random,error_recall,2,True,0.75,0.5,1.0
clustering,0.5,5.0,sample-random,error_recall,2,True,0.625,0.5833333333333334,0.6666666666666666
clustering,0.5,10.0,sample-random,error_recall,2,True,0.6599999999999999,0.6,0.72
clustering,0.5,25.0,sample-random,error_recall,2,True,0.6796875,0.65625,0.703125
clustering,0.5,50.0,sample-random,error_recall,2,True,0.703125,0.6875,0.71875
clustering,0.5,75.0,sample-random,error_recall,2,True,0.6901041666666667,0.6875,0.6927083333333334
clustering,0.5,100.0,sample-random,error_recall,2,True,0.703125,0.703125,0.703125
clustering,1.0,0.0,sample-random,error_recall,2,True,,,
clustering,1.0,1.0,sample-random,error_recall,2,True,0.75,0.5,1.0
clustering,1.0,5.0,sample-random,error_recall,2,True,0.75,0.75,0.75
clustering,1.0,10.0,sample-random,error_recall,2,True,0.7,0.64,0.76
clustering,1.0,25.0,sample-random,error_recall,2,True,0.6953125,0.65625,0.734375
clustering,1.0,50.0,sample-random,error_recall,2,True,0.69921875,0.6640625,0.734375
clustering,1.0,75.0,sample-random,error_recall,2,True,0.7057291666666667,0.6875,0.7239583333333334
clustering,1.0,100.0,sample-random,error_recall,2,True,0.703125,0.703125,0.703125
clustering,0.0,0.0,default,additional_executed,2,True,0.0,0.0,0.0
clustering,0.0,1.0,default,additional_executed,2,True,0.0,0.0,0.0
clustering,0.0,5.0,default,additional_executed,2,True,0.0,0.0,0.0
clustering,0.0,10.0,default,additional_executed,2,True,0.0,0.0,0.0
clustering,0.0,25.0,default,additional_executed,2,True,0.0,0.0,0.0
clustering,0.0,50.0,default,additional_executed,2,True,0.0,0.0,0.0
clustering,0.0,75.0,default,additional_executed,2,True,0.0,0.0,0.0
clustering,0.0,100.0,default,additional_executed,2,True,0.0,0.0,0.0
clustering,0.5,0.0,default,additional_executed,2,True,0.0,0.0,0.0
clustering,0.5,1.0,default,additional_executed,2,True,0.0,0.0,0.0
clustering,0.5,5.0,default,additional_executed,2,True,0.0,0.0,0.0
clustering,0.5,10.0,default,additional_executed,2,True,0.0,0.0,0.0
clustering,0.5,25.0,default,additional_executed,2,True,0.0,0.0,0.0
clustering,0.5,50.0,default,additional_executed,2,True,0.0,0.0,0.0
clustering,0.5,75.0,default,additional_executed,2,True,0.0,0.0,0.0
clustering,0.5,100.0,default,additional_executed,2,True,0.0,0.0,0.0
clustering,1.0,0.0,default,additional_executed,2,True,0.0,0.0,0.0
clustering,1.0,1.0,default,additional_executed,2,True,0.0,0.0,0.0
clustering,1.0,5.0,default,additional_executed,2,True,0.0,0.0,0.0
clustering,1.0,10.0,default,additional_executed,2,True,0.0,0.0,0.0
clustering,1.0,25.0,default,additional_executed,2,True,0.0,0.0,0.0
clustering,1.0,50.0,default,additional_executed,2,True,0.0,0.0,0.0
clustering,1.0,75.0,default,additional_executed,2,True,0.0,0.0,0.0
clustering,1.0,100.0,default,additional_executed,2,True,0.0,0.0,0.0
clustering,0.0,0.0,exact-equivalence,additional_executed,2,True,0.0,0.0,0.0
clustering,0.0,1.0,exact-equivalence,additional_executed,2,True,0.0,0.0,0.0
clustering,0.0,5.0,exact-equivalence,additional_executed,2,True,0.0,0.0,0.0
clustering,0.0,10.0,exact-equivalence,additional_executed,2,True,0.0,0.0,0.0
clustering,0.0,25.0,exact-equivalence,additional_executed,2,True,0.0,0.0,0.0
clustering,0.0,50.0,exact-equivalence,additional_executed,2,True,0.0,0.0,0.0
clustering,0.0,75.0,exact-equivalence,additional_executed,2,True,0.0,0.0,0.0
clustering,0.0,100.0,exact-equivalence,additional_executed,2,True,0.0,0.0,0.0
clustering,0.5,0.0,exact-equivalence,additional_executed,2,True,0.0,0.0,0.0
clustering,0.5,1.0,exact-equivalence,additional_executed,2,True,0.0,0.0,0.0
clustering,0.5,5.0,exact-equivalence,additional_executed,2,True,0.0,0.0,0.0
clustering,0.5,10.0,exact-equivalence,additional_executed,2,True,0.0,0.0,0.0
clustering,0.5,25.0,exact-equivalence,additional_executed,2,True,0.0,0.0,0.0
clustering,0.5,50.0,exact-equivalence,additional_executed,2,True,0.0,0.0,0.0
clustering,0.5,75.0,exact-equivalence,additional_executed,2,True,0.0,0.0,0.0
clustering,0.5,100.0,exact-equivalence,additional_executed,2,True,0.0,0.0,0.0
clustering,1.0,0.0,exact-equivalence,additional_executed,2,True,0.0,0.0,0.0
clustering,1.0,1.0,exact-equivalence,additional_executed,2,True,0.0,0.0,0.0
clustering,1.0,5.0,exact-equivalence,additional_executed,2,True,0.0,0.0,0.0
clustering,1.0,10.0,exact-equivalence,additional_executed,2,True,0.0,0.0,0.0
clustering,1.0,25.0,exact-equivalence,additional_executed,2,True,0.0,0.0,0.0
clustering,1.0,50.0,exact-equivalence,additional_executed,2,True,0.0,0.0,0.0
clustering,1.0,75.0,exact-equivalence,additional_executed,2,True,0.0,0.0,0.0
clustering,1.0,100.0,exact-equivalence,additional_executed,2,True,0.0,0.0,0.0
clustering,0.0,0.0,random,additional_executed,2,True,0.0,0.0,0.0
clustering,0.0,1.0,random,additional_executed,2,True,0.0,0.0,0.0
clustering,0.0,5.0,random,additional_executed,2,True,0.0,0.0,0.0
clustering,0.0,10.0,random,additional_executed,2,True,0.0,0.0,0.0
clustering,0.0,25.0,random,additional_executed,2,True,0.0,0.0,0.0
clustering,0.0,50.0,random,additional_executed,2,True,0.0,0.0,0.0
clustering,0.0,75.0,random,additional_executed,2,True,0.0,0.0,0.0
clustering,0.0,100.0,random,additional_executed,2,True,0.0,0.0,0.0
clustering,0.5,0.0,random,additional_executed,2,True,0.0,0.0,0.0
clustering,0.5,1.0,random,additional_executed,2,True,0.0,0.0,0.0
clustering,0.5,5.0,random,additional_executed,2,True,0.0,0.0,0.0
clustering,0.5,10.0,random,additional_executed,2,True,0.0,0.0,0.0
clustering,0.5,25.0,random,additional_executed,2,True,0.0,0.0,0.0
clustering,0.5,50.0,random,additional_executed,2,True,0.0,0.0,0.0
clustering,0.5,75.0,random,additional_executed,2,True,0.0,0.0,0.0
clustering,0.5,100.0,random,additional_executed,2,True,0.0,0.0,0.0
clustering,1.0,0.0,random,additional_executed,2,True,0.0,0.0,0.0
clustering,1.0,1.0,random,additional_executed,2,True,0.0,0.0,0.0
clustering,1.0,5.0,random,additional_executed,2,True,0.0,0.0,0.0
clustering,1.0,10.0,random,additional_executed,2,True,0.0,0.0,0.0
clustering,1.0,25.0,random,additional_executed,2,True,0.0,0.0,0.0
clustering,1.0,50.0,random,additional_executed,2,True,0.0,0.0,0.0
clustering,1.0,75.0,random,additional_executed,2,True,0.0,0.0,0.0
clustering,1.0,100.0,random,additional_executed,2,True,0.0,0.0,0.0
clustering,0.0,0.0,topology,additional_executed,2,True,0.0,0.0,0.0
clustering,0.0,1.0,topology,additional_executed,2,True,0.0,0.0,0.0
clustering,0.0,5.0,topology,additional_executed,2,True,0.0,0.0,0.0
clustering,0.0,10.0,topology,additional_executed,2,True,0.0,0.0,0.0
clustering,0.0,25.0,topology,additional_executed,2,True,0.0,0.0,0.0
clustering,0.0,50.0,topology,additional_executed,2,True,0.0,0.0,0.0
clustering,0.0,75.0,topology,additional_executed,2,True,0.0,0.0,0.0
clustering,0.0,100.0,topology,additional_executed,2,True,0.0,0.0,0.0
clustering,0.5,0.0,topology,additional_executed,2,True,0.0,0.0,0.0
clustering,0.5,1.0,topology,additional_executed,2,True,0.0,0.0,0.0
clustering,0.5,5.0,topology,additional_executed,2,True,0.0,0.0,0.0
clustering,0.5,10.0,topology,additional_executed,2,True,0.0,0.0,0.0
clustering,0.5,25.0,topology,additional_executed,2,True,0.0,0.0,0.0
clustering,0.5,50.0,topology,additional_executed,2,True,0.0,0.0,0.0
clustering,0.5,75.0,topology,additional_executed,2,True,0.0,0.0,0.0
clustering,0.5,100.0,topology,additional_executed,2,True,0.0,0.0,0.0
clustering,1.0,0.0,topology,additional_executed,2,True,0.0,0.0,0.0
clustering,1.0,1.0,topology,additional_executed,2,True,0.0,0.0,0.0
clustering,1.0,5.0,topology,additional_executed,2,True,0.0,0.0,0.0
clustering,1.0,10.0,topology,additional_executed,2,True,0.0,0.0,0.0
clustering,1.0,25.0,topology,additional_executed,2,True,0.0,0.0,0.0
clustering,1.0,50.0,topology,additional_executed,2,True,0.0,0.0,0.0
clustering,1.0,75.0,topology,additional_executed,2,True,0.0,0.0,0.0
clustering,1.0,100.0,topology,additional_executed,2,True,0.0,0.0,0.0
clustering,0.0,0.0,combined,additional_executed,2,True,0.0,0.0,0.0
clustering,0.0,1.0,combined,additional_executed,2,True,0.0,0.0,0.0
clustering,0.0,5.0,combined,additional_executed,2,True,0.0,0.0,0.0
clustering,0.0,10.0,combined,additional_executed,2,True,0.0,0.0,0.0
clustering,0.0,25.0,combined,additional_executed,2,True,0.0,0.0,0.0
clustering,0.0,50.0,combined,additional_executed,2,True,0.0,0.0,0.0
clustering,0.0,75.0,combined,additional_executed,2,True,0.0,0.0,0.0
clustering,0.0,100.0,combined,additional_executed,2,True,0.0,0.0,0.0
clustering,0.5,0.0,combined,additional_executed,2,True,0.0,0.0,0.0
clustering,0.5,1.0,combined,additional_executed,2,True,0.0,0.0,0.0
clustering,0.5,5.0,combined,additional_executed,2,True,0.0,0.0,0.0
clustering,0.5,10.0,combined,additional_executed,2,True,0.0,0.0,0.0
clustering,0.5,25.0,combined,additional_executed,2,True,0.0,0.0,0.0
clustering,0.5,50.0,combined,additional_executed,2,True,0.0,0.0,0.0
clustering,0.5,75.0,combined,additional_executed,2,True,0.0,0.0,0.0
clustering,0.5,100.0,combined,additional_executed,2,True,0.0,0.0,0.0
clustering,1.0,0.0,combined,additional_executed,2,True,0.0,0.0,0.0
clustering,1.0,1.0,combined,additional_executed,2,True,0.0,0.0,0.0
clustering,1.0,5.0,combined,additional_executed,2,True,0.0,0.0,0.0
clustering,1.0,10.0,combined,additional_executed,2,True,0.0,0.0,0.0
clustering,1.0,25.0,combined,additional_executed,2,True,0.0,0.0,0.0
clustering,1.0,50.0,combined,additional_executed,2,True,0.0,0.0,0.0
clustering,1.0,75.0,combined,additional_executed,2,True,0.0,0.0,0.0
clustering,1.0,100.0,combined,additional_executed,2,True,0.0,0.0,0.0
clustering,0.0,0.0,filter,additional_executed,2,True,0.0,0.0,0.0
clustering,0.0,1.0,filter,additional_executed,2,True,0.0,0.0,0.0
clustering,0.0,5.0,filter,additional_executed,2,True,30.0,0.0,60.0
clustering,0.0,10.0,filter,additional_executed,2,True,30.0,0.0,60.0
clustering,0.0,25.0,filter,additional_executed,2,True,209.0,179.0,239.0
clustering,0.0,50.0,filter,additional_executed,2,True,209.0,179.0,239.0
clustering,0.0,75.0,filter,additional_executed,2,True,239.0,239.0,239.0
clustering,0.0,100.0,filter,additional_executed,2,True,239.0,239.0,239.0
clustering,0.5,0.0,filter,additional_executed,2,True,0.0,0.0,0.0
clustering,0.5,1.0,filter,additional_executed,2,True,0.0,0.0,0.0
clustering,0.5,5.0,filter,additional_executed,2,True,30.0,0.0,60.0
clustering,0.5,10.0,filter,additional_executed,2,True,89.5,60.0,119.0
clustering,0.5,25.0,filter,additional_executed,2,True,179.5,120.0,239.0
clustering,0.5,50.0,filter,additional_executed,2,True,239.0,239.0,239.0
clustering,0.5,75.0,filter,additional_executed,2,True,239.0,239.0,239.0
clustering,0.5,100.0,filter,additional_executed,2,True,239.0,239.0,239.0
clustering,1.0,0.0,filter,additional_executed,2,True,0.0,0.0,0.0
clustering,1.0,1.0,filter,additional_executed,2,True,0.0,0.0,0.0
clustering,1.0,5.0,filter,additional_executed,2,True,0.0,0.0,0.0
clustering,1.0,10.0,filter,additional_executed,2,True,89.5,59.0,120.0
clustering,1.0,25.0,filter,additional_executed,2,True,149.5,119.0,180.0
clustering,1.0,50.0,filter,additional_executed,2,True,239.0,239.0,239.0
clustering,1.0,75.0,filter,additional_executed,2,True,239.0,239.0,239.0
clustering,1.0,100.0,filter,additional_executed,2,True,239.0,239.0,239.0
clustering,0.0,0.0,filter-aggressive,additional_executed,2,True,0.0,0.0,0.0
clustering,0.0,1.0,filter-aggressive,additional_executed,2,True,0.0,0.0,0.0
clustering,0.0,5.0,filter-aggressive,additional_executed,2,True,30.0,0.0,60.0
clustering,0.0,10.0,filter-aggressive,additional_executed,2,True,30.0,0.0,60.0
clustering,0.0,25.0,filter-aggressive,additional_executed,2,True,209.0,179.0,239.0
clustering,0.0,50.0,filter-aggressive,additional_executed,2,True,209.0,179.0,239.0
clustering,0.0,75.0,filter-aggressive,additional_executed,2,True,239.0,239.0,239.0
clustering,0.0,100.0,filter-aggressive,additional_executed,2,True,239.0,239.0,239.0
clustering,0.5,0.0,filter-aggressive,additional_executed,2,True,0.0,0.0,0.0
clustering,0.5,1.0,filter-aggressive,additional_executed,2,True,0.0,0.0,0.0
clustering,0.5,5.0,filter-aggressive,additional_executed,2,True,30.0,0.0,60.0
clustering,0.5,10.0,filter-aggressive,additional_executed,2,True,89.5,60.0,119.0
clustering,0.5,25.0,filter-aggressive,additional_executed,2,True,179.5,120.0,239.0
clustering,0.5,50.0,filter-aggressive,additional_executed,2,True,239.0,239.0,239.0
clustering,0.5,75.0,filter-aggressive,additional_executed,2,True,239.0,239.0,239.0
clustering,0.5,100.0,filter-aggressive,additional_executed,2,True,239.0,239.0,239.0
clustering,1.0,0.0,filter-aggressive,additional_executed,2,True,0.0,0.0,0.0
clustering,1.0,1.0,filter-aggressive,additional_executed,2,True,0.0,0.0,0.0
clustering,1.0,5.0,filter-aggressive,additional_executed,2,True,0.0,0.0,0.0
clustering,1.0,10.0,filter-aggressive,additional_executed,2,True,89.5,59.0,120.0
clustering,1.0,25.0,filter-aggressive,additional_executed,2,True,149.5,119.0,180.0
clustering,1.0,50.0,filter-aggressive,additional_executed,2,True,239.0,239.0,239.0
clustering,1.0,75.0,filter-aggressive,additional_executed,2,True,239.0,239.0,239.0
clustering,1.0,100.0,filter-aggressive,additional_executed,2,True,239.0,239.0,239.0
clustering,0.0,0.0,sample-random,additional_executed,2,True,0.0,0.0,0.0
clustering,0.0,1.0,sample-random,additional_executed,2,True,0.0,0.0,0.0
clustering,0.0,5.0,sample-random,additional_executed,2,True,0.0,0.0,0.0
clustering,0.0,10.0,sample-random,additional_executed,2,True,0.0,0.0,0.0
clustering,0.0,25.0,sample-random,additional_executed,2,True,0.0,0.0,0.0
clustering,0.0,50.0,sample-random,additional_executed,2,True,0.0,0.0,0.0
clustering,0.0,75.0,sample-random,additional_executed,2,True,0.0,0.0,0.0
clustering,0.0,100.0,sample-random,additional_executed,2,True,0.0,0.0,0.0
clustering,0.5,0.0,sample-random,additional_executed,2,True,0.0,0.0,0.0
clustering,0.5,1.0,sample-random,additional_executed,2,True,0.0,0.0,0.0
clustering,0.5,5.0,sample-random,additional_executed,2,True,0.0,0.0,0.0
clustering,0.5,10.0,sample-random,additional_executed,2,True,0.0,0.0,0.0
clustering,0.5,25.0,sample-random,additional_executed,2,True,0.0,0.0,0.0
clustering,0.5,50.0,sample-random,additional_executed,2,True,0.0,0.0,0.0
clustering,0.5,75.0,sample-random,additional_executed,2,True,0.0,0.0,0.0
clustering,0.5,100.0,sample-random,additional_executed,2,True,0.0,0.0,0.0
clustering,1.0,0.0,sample-random,additional_executed,2,True,0.0,0.0,0.0
clustering,1.0,1.0,sample-random,additional_executed,2,True,0.0,0.0,0.0
clustering,1.0,5.0,sample-random,additional_executed,2,True,0.0,0.0,0.0
clustering,1.0,10.0,sample-random,additional_executed,2,True,0.0,0.0,0.0
clustering,1.0,25.0,sample-random,additional_executed,2,True,0.0,0.0,0.0
clustering,1.0,50.0,sample-random,additional_executed,2,True,0.0,0.0,0.0
clustering,1.0,75.0,sample-random,additional_executed,2,True,0.0,0.0,0.0
clustering,1.0,100.0,sample-random,additional_executed,2,True,0.0,0.0,0.0
