structure,strategy,trim_random,trim_topology,seed,time_limit_seconds,status,valid_domain,selected,completed,remaining,render_invocations,proved_equivalent,possible_outcomes,observed_outcomes,planning_seconds,analysis_seconds,execution_seconds,total_seconds,initial_selected,expand_failures,additional_scheduled,sample_eligible,sample_retained,sample_minimum,sample_minimum_fields,profile_match,sampling_fallback,calibration_id
constraints,default,0,0,2026,540.0,passed,512,512,512,0,512,0,8,8,0.10362079180777073,7.791910320520401e-06,22.789696667343378,22.89332525106147,512,False,0,,,,,,,
constraints,exact-equivalence,0,0,2026,540.0,passed,512,512,512,0,512,0,8,8,0.10463662492111325,0.0052144997753202915,23.34076733328402,23.450618457980454,512,False,0,,,,,,,
constraints,random,2,0,2026,540.0,passed,512,33,33,0,33,0,8,8,0.09919933276250958,0.00015420885756611824,1.4624864580109715,1.5618399996310472,33,False,0,,,,,,,
constraints,topology,0,2,2026,540.0,passed,512,512,512,0,512,0,8,8,0.09802987473085523,0.009668957907706499,23.124381833709776,23.232080666348338,512,False,0,,,,,,,
constraints,combined,2,2,2026,540.0,passed,512,512,512,0,512,0,8,8,0.09739833325147629,0.010431417264044285,22.742131709121168,22.84996145963669,512,False,0,,,,,,,
constraints,filter,0,2,2026,540.0,passed,512,512,512,0,512,0,8,8,0.09726070798933506,0.08563266694545746,23.078086541965604,23.260979916900396,512,True,0,511,511,128,,,,
constraints,filter-aggressive,0,2,2026,540.0,passed,512,512,512,0,512,0,8,8,0.12945029232650995,0.09028575010597706,22.818321665748954,23.03805770818144,512,True,0,511,511,1,0,unmatched,schema validation is outside the shared proof contract,
control-flow,default,0,0,2026,540.0,passed,1024,1024,1024,0,1024,0,16,16,0.08499774988740683,8.457805961370468e-06,46.96594549994916,47.050951707642525,1024,False,0,,,,,,,
control-flow,exact-equivalence,0,0,2026,540.0,passed,1024,1024,1024,0,1024,0,16,16,0.08718758309260011,0.0073147923685610294,50.56359858298674,50.6581009584479,1024,False,0,,,,,,,
control-flow,random,2,0,2026,540.0,passed,1024,65,65,0,65,0,16,16,0.07875283295288682,0.00036237481981515884,3.012400500010699,3.091515707783401,65,False,0,,,,,,,
control-flow,topology,0,2,2026,540.0,passed,1024,1024,1024,0,1024,0,16,16,0.11180249974131584,0.03098462475463748,49.081207000184804,49.22399412468076,1024,False,0,,,,,,,
control-flow,combined,2,2,2026,540.0,passed,1024,1024,1024,0,1024,0,16,16,0.08815629221498966,0.03033916698768735,46.21391370892525,46.332409168127924,1024,False,0,,,,,,,
control-flow,filter,0,2,2026,540.0,passed,1024,1024,1024,0,1024,0,16,16,0.1314487918280065,0.16653987485915422,47.30169462505728,47.59968329174444,1024,True,0,1023,1023,128,,,,
control-flow,filter-aggressive,0,2,2026,540.0,passed,1024,1024,1024,0,1024,0,16,16,0.08054029103368521,0.3750146250240505,47.859288999810815,48.31484391586855,1024,True,0,1023,1023,1,0,unmatched,opaque template construct at line 9,
dependencies,default,0,0,2026,540.0,passed,1024,1024,1024,0,1024,0,8,8,0.07952937483787537,7.5837597250938416e-06,48.18749041715637,48.26702737575397,1024,False,0,,,,,,,
dependencies,exact-equivalence,0,0,2026,540.0,passed,1024,1024,1024,0,8,1016,8,8,0.07787333382293582,0.004715333692729473,2.6305281668901443,2.7131168344058096,1024,False,0,,,,,,,
dependencies,random,2,0,2026,540.0,passed,1024,65,65,0,65,0,8,8,0.07878037495538592,0.00027233269065618515,3.0315314158797264,3.1105841235257685,65,False,0,,,,,,,
dependencies,topology,0,2,2026,540.0,passed,1024,65,65,0,65,0,8,8,0.07922308286651969,0.042979790829122066,3.0481609581038356,3.1703638317994773,65,False,0,,,,,,,
dependencies,combined,2,2,2026,540.0,passed,1024,9,9,0,9,0,8,8,0.1076065837405622,0.041646957863122225,0.40446962509304285,0.5537231666967273,9,False,0,,,,,,,
dependencies,filter,0,2,2026,540.0,passed,1024,65,65,0,65,0,8,8,0.07794075040146708,0.1763492077589035,3.031157167162746,3.285447125323117,65,True,0,64,64,128,,,,
dependencies,filter-aggressive,0,2,2026,540.0,passed,1024,65,65,0,65,0,8,8,0.0807259576395154,0.23788441717624664,2.9414441669359803,3.2600545417517424,65,True,0,64,64,1,0,unmatched,chart complexity or topology is outside the measured calibration profiles,65b65fc46bcb4af6ae69145bdd32606e6e48270ff4564783c6c95ac61043d36b
interactions,default,0,0,2026,540.0,passed,1024,1024,1024,0,1024,0,8,8,0.11520491680130363,7.62520357966423e-06,47.48089191690087,47.59610445890576,1024,False,0,,,,,,,
interactions,exact-equivalence,0,0,2026,540.0,passed,1024,1024,1024,0,20,1004,8,8,0.08855029102414846,0.004216709174215794,2.744909333065152,2.8376763332635164,1024,False,0,,,,,,,
interactions,random,2,0,2026,540.0,passed,1024,65,65,0,65,0,8,6,0.11334916716441512,0.0007217917591333389,2.946241792291403,3.0603127512149513,65,False,0,,,,,,,
interactions,topology,0,2,2026,540.0,passed,1024,65,65,0,65,0,8,8,0.07873591594398022,0.03806195827201009,2.878984165843576,2.9957820400595665,65,False,0,,,,,,,
interactions,combined,2,2,2026,540.0,passed,1024,21,21,0,21,0,8,8,0.07848216686397791,0.03917875001206994,0.9742612079717219,1.0919221248477697,21,False,0,,,,,,,
interactions,filter,0,2,2026,540.0,passed,1024,65,65,0,65,0,8,8,0.09145254222676158,0.3215853329747915,3.0723887081258,3.485426583327353,65,True,0,64,64,128,,,,
interactions,filter-aggressive,0,2,2026,540.0,passed,1024,65,65,0,65,0,8,8,0.08076683292165399,0.18166583264246583,2.923931209370494,3.1863638749346137,65,True,0,64,64,1,0,unmatched,chart complexity or topology is outside the measured calibration profiles,65b65fc46bcb4af6ae69145bdd32606e6e48270ff4564783c6c95ac61043d36b
equivalence,default,0,0,2026,540.0,passed,1024,1024,1024,0,1024,0,4,4,0.11083474988117814,6.29061833024025e-06,47.62216370785609,47.7330047483556,1024,False,0,,,,,,,
equivalence,exact-equivalence,0,0,2026,540.0,passed,1024,1024,1024,0,4,1020,4,4,0.08400670904666185,0.0075373342260718346,2.3731410829350352,2.464685126207769,1024,False,0,,,,,,,
equivalence,random,2,0,2026,540.0,passed,1024,65,65,0,65,0,4,4,0.12425133399665356,0.00024683400988578796,3.2702142908237875,3.394712458830327,65,False,0,,,,,,,
equivalence,topology,0,2,2026,540.0,passed,1024,65,65,0,65,0,4,4,0.08752254210412502,0.0370087088085711,3.4636764163151383,3.5882076672278345,65,False,0,,,,,,,
equivalence,combined,2,2,2026,540.0,passed,1024,5,5,0,5,0,4,4,0.07775945775210857,0.032873041927814484,0.2339566252194345,0.34458912489935756,5,False,0,,,,,,,
equivalence,filter,0,2,2026,540.0,passed,1024,65,65,0,65,0,4,4,0.07828237488865852,0.1608485421165824,3.009827041067183,3.248957958072424,65,True,0,64,64,128,,,,
equivalence,filter-aggressive,0,2,2026,540.0,passed,1024,65,65,0,65,0,4,4,0.21158983279019594,0.17636524979025126,3.162204417400062,3.5501594999805093,65,True,0,64,64,1,0,unmatched,chart complexity or topology is outside the measured calibration profiles,65b65fc46bcb4af6ae69145bdd32606e6e48270ff4564783c6c95ac61043d36b
boundaries,default,0,0,2026,540.0,passed,1536,1536,1536,0,1536,0,12,12,0.1607004157267511,1.0083895176649094e-05,71.93620300013572,72.09691349975765,1536,False,0,,,,,,,
boundaries,exact-equivalence,0,0,2026,540.0,passed,1536,1536,1536,0,1536,0,12,12,0.16913391603156924,0.007257166784256697,72.65926166716963,72.83565274998546,1536,False,0,,,,,,,
boundaries,random,2,0,2026,540.0,passed,1536,97,97,0,97,0,12,12,0.18315849965438247,0.0004116250202059746,4.80023991689086,4.983810041565448,97,False,0,,,,,,,
boundaries,topology,0,2,2026,540.0,passed,1536,1536,1536,0,1536,0,12,12,0.13847316708415747,0.024926959071308374,81.83247329108417,81.99587341723964,1536,False,0,,,,,,,
boundaries,combined,2,2,2026,540.0,passed,1536,1536,1536,0,1536,0,12,12,0.1385825420729816,0.053710749838501215,75.08044674992561,75.2727400418371,1536,False,0,,,,,,,
boundaries,filter,0,2,2026,540.0,passed,1536,1536,1536,0,1536,0,12,12,0.13557962514460087,0.17949054203927517,72.76400020811707,73.07907037530094,1536,True,0,1535,1535,128,,,,
boundaries,filter-aggressive,0,2,2026,540.0,passed,1536,1536,1536,0,1536,0,12,12,0.19547441694885492,0.4761360422708094,78.08612866606563,78.7577391252853,1536,True,0,1535,1535,1,0,unmatched,default coalescing or scalar types are outside the proof contract,
