third_party/bitnami-charts/bitnami/airflow	.cache/benchmark-refresh-1789304252/outputs/chart-topologies/bitnami/bitnami/airflow
third_party/bitnami-charts/bitnami/apache	.cache/benchmark-refresh-1789304252/outputs/chart-topologies/bitnami/bitnami/apache
third_party/bitnami-charts/bitnami/apisix	.cache/benchmark-refresh-1789304252/outputs/chart-topologies/bitnami/bitnami/apisix
third_party/bitnami-charts/bitnami/appsmith	.cache/benchmark-refresh-1789304252/outputs/chart-topologies/bitnami/bitnami/appsmith
third_party/bitnami-charts/bitnami/argo-cd	.cache/benchmark-refresh-1789304252/outputs/chart-topologies/bitnami/bitnami/argo-cd
third_party/bitnami-charts/bitnami/argo-workflows	.cache/benchmark-refresh-1789304252/outputs/chart-topologies/bitnami/bitnami/argo-workflows
third_party/bitnami-charts/bitnami/aspnet-core	.cache/benchmark-refresh-1789304252/outputs/chart-topologies/bitnami/bitnami/aspnet-core
third_party/bitnami-charts/bitnami/cadvisor	.cache/benchmark-refresh-1789304252/outputs/chart-topologies/bitnami/bitnami/cadvisor
third_party/bitnami-charts/bitnami/cassandra	.cache/benchmark-refresh-1789304252/outputs/chart-topologies/bitnami/bitnami/cassandra
third_party/bitnami-charts/bitnami/cert-manager	.cache/benchmark-refresh-1789304252/outputs/chart-topologies/bitnami/bitnami/cert-manager
third_party/bitnami-charts/bitnami/chainloop	.cache/benchmark-refresh-1789304252/outputs/chart-topologies/bitnami/bitnami/chainloop
third_party/bitnami-charts/bitnami/cilium	.cache/benchmark-refresh-1789304252/outputs/chart-topologies/bitnami/bitnami/cilium
third_party/bitnami-charts/bitnami/clickhouse	.cache/benchmark-refresh-1789304252/outputs/chart-topologies/bitnami/bitnami/clickhouse
third_party/bitnami-charts/bitnami/clickhouse-operator	.cache/benchmark-refresh-1789304252/outputs/chart-topologies/bitnami/bitnami/clickhouse-operator
third_party/bitnami-charts/bitnami/cloudnative-pg	.cache/benchmark-refresh-1789304252/outputs/chart-topologies/bitnami/bitnami/cloudnative-pg
third_party/bitnami-charts/bitnami/common	.cache/benchmark-refresh-1789304252/outputs/chart-topologies/bitnami/bitnami/common
third_party/bitnami-charts/bitnami/concourse	.cache/benchmark-refresh-1789304252/outputs/chart-topologies/bitnami/bitnami/concourse
third_party/bitnami-charts/bitnami/consul	.cache/benchmark-refresh-1789304252/outputs/chart-topologies/bitnami/bitnami/consul
third_party/bitnami-charts/bitnami/contour	.cache/benchmark-refresh-1789304252/outputs/chart-topologies/bitnami/bitnami/contour
third_party/bitnami-charts/bitnami/deepspeed	.cache/benchmark-refresh-1789304252/outputs/chart-topologies/bitnami/bitnami/deepspeed
third_party/bitnami-charts/bitnami/discourse	.cache/benchmark-refresh-1789304252/outputs/chart-topologies/bitnami/bitnami/discourse
third_party/bitnami-charts/bitnami/dremio	.cache/benchmark-refresh-1789304252/outputs/chart-topologies/bitnami/bitnami/dremio
third_party/bitnami-charts/bitnami/drupal	.cache/benchmark-refresh-1789304252/outputs/chart-topologies/bitnami/bitnami/drupal
third_party/bitnami-charts/bitnami/ejbca	.cache/benchmark-refresh-1789304252/outputs/chart-topologies/bitnami/bitnami/ejbca
third_party/bitnami-charts/bitnami/elasticsearch	.cache/benchmark-refresh-1789304252/outputs/chart-topologies/bitnami/bitnami/elasticsearch
third_party/bitnami-charts/bitnami/envoy-gateway	.cache/benchmark-refresh-1789304252/outputs/chart-topologies/bitnami/bitnami/envoy-gateway
third_party/bitnami-charts/bitnami/etcd	.cache/benchmark-refresh-1789304252/outputs/chart-topologies/bitnami/bitnami/etcd
third_party/bitnami-charts/bitnami/external-dns	.cache/benchmark-refresh-1789304252/outputs/chart-topologies/bitnami/bitnami/external-dns
third_party/bitnami-charts/bitnami/flink	.cache/benchmark-refresh-1789304252/outputs/chart-topologies/bitnami/bitnami/flink
third_party/bitnami-charts/bitnami/fluent-bit	.cache/benchmark-refresh-1789304252/outputs/chart-topologies/bitnami/bitnami/fluent-bit
third_party/bitnami-charts/bitnami/fluentd	.cache/benchmark-refresh-1789304252/outputs/chart-topologies/bitnami/bitnami/fluentd
third_party/bitnami-charts/bitnami/flux	.cache/benchmark-refresh-1789304252/outputs/chart-topologies/bitnami/bitnami/flux
third_party/bitnami-charts/bitnami/ghost	.cache/benchmark-refresh-1789304252/outputs/chart-topologies/bitnami/bitnami/ghost
third_party/bitnami-charts/bitnami/gitea	.cache/benchmark-refresh-1789304252/outputs/chart-topologies/bitnami/bitnami/gitea
third_party/bitnami-charts/bitnami/gitlab-runner	.cache/benchmark-refresh-1789304252/outputs/chart-topologies/bitnami/bitnami/gitlab-runner
third_party/bitnami-charts/bitnami/grafana	.cache/benchmark-refresh-1789304252/outputs/chart-topologies/bitnami/bitnami/grafana
third_party/bitnami-charts/bitnami/grafana-alloy	.cache/benchmark-refresh-1789304252/outputs/chart-topologies/bitnami/bitnami/grafana-alloy
third_party/bitnami-charts/bitnami/grafana-k6-operator	.cache/benchmark-refresh-1789304252/outputs/chart-topologies/bitnami/bitnami/grafana-k6-operator
third_party/bitnami-charts/bitnami/grafana-loki	.cache/benchmark-refresh-1789304252/outputs/chart-topologies/bitnami/bitnami/grafana-loki
third_party/bitnami-charts/bitnami/grafana-mimir	.cache/benchmark-refresh-1789304252/outputs/chart-topologies/bitnami/bitnami/grafana-mimir
third_party/bitnami-charts/bitnami/grafana-operator	.cache/benchmark-refresh-1789304252/outputs/chart-topologies/bitnami/bitnami/grafana-operator
third_party/bitnami-charts/bitnami/grafana-tempo	.cache/benchmark-refresh-1789304252/outputs/chart-topologies/bitnami/bitnami/grafana-tempo
third_party/bitnami-charts/bitnami/haproxy	.cache/benchmark-refresh-1789304252/outputs/chart-topologies/bitnami/bitnami/haproxy
third_party/bitnami-charts/bitnami/harbor	.cache/benchmark-refresh-1789304252/outputs/chart-topologies/bitnami/bitnami/harbor
third_party/bitnami-charts/bitnami/influxdb	.cache/benchmark-refresh-1789304252/outputs/chart-topologies/bitnami/bitnami/influxdb
third_party/bitnami-charts/bitnami/jaeger	.cache/benchmark-refresh-1789304252/outputs/chart-topologies/bitnami/bitnami/jaeger
third_party/bitnami-charts/bitnami/janusgraph	.cache/benchmark-refresh-1789304252/outputs/chart-topologies/bitnami/bitnami/janusgraph
third_party/bitnami-charts/bitnami/jenkins	.cache/benchmark-refresh-1789304252/outputs/chart-topologies/bitnami/bitnami/jenkins
third_party/bitnami-charts/bitnami/jupyterhub	.cache/benchmark-refresh-1789304252/outputs/chart-topologies/bitnami/bitnami/jupyterhub
third_party/bitnami-charts/bitnami/kafka	.cache/benchmark-refresh-1789304252/outputs/chart-topologies/bitnami/bitnami/kafka
third_party/bitnami-charts/bitnami/keycloak	.cache/benchmark-refresh-1789304252/outputs/chart-topologies/bitnami/bitnami/keycloak
third_party/bitnami-charts/bitnami/keydb	.cache/benchmark-refresh-1789304252/outputs/chart-topologies/bitnami/bitnami/keydb
third_party/bitnami-charts/bitnami/kibana	.cache/benchmark-refresh-1789304252/outputs/chart-topologies/bitnami/bitnami/kibana
third_party/bitnami-charts/bitnami/kong	.cache/benchmark-refresh-1789304252/outputs/chart-topologies/bitnami/bitnami/kong
third_party/bitnami-charts/bitnami/kube-arangodb	.cache/benchmark-refresh-1789304252/outputs/chart-topologies/bitnami/bitnami/kube-arangodb
third_party/bitnami-charts/bitnami/kube-prometheus	.cache/benchmark-refresh-1789304252/outputs/chart-topologies/bitnami/bitnami/kube-prometheus
third_party/bitnami-charts/bitnami/kube-prometheus/charts/kube-prometheus-crds	.cache/benchmark-refresh-1789304252/outputs/chart-topologies/bitnami/bitnami/kube-prometheus/charts/kube-prometheus-crds
third_party/bitnami-charts/bitnami/kube-state-metrics	.cache/benchmark-refresh-1789304252/outputs/chart-topologies/bitnami/bitnami/kube-state-metrics
third_party/bitnami-charts/bitnami/kuberay	.cache/benchmark-refresh-1789304252/outputs/chart-topologies/bitnami/bitnami/kuberay
third_party/bitnami-charts/bitnami/kubernetes-event-exporter	.cache/benchmark-refresh-1789304252/outputs/chart-topologies/bitnami/bitnami/kubernetes-event-exporter
third_party/bitnami-charts/bitnami/logstash	.cache/benchmark-refresh-1789304252/outputs/chart-topologies/bitnami/bitnami/logstash
third_party/bitnami-charts/bitnami/mariadb	.cache/benchmark-refresh-1789304252/outputs/chart-topologies/bitnami/bitnami/mariadb
third_party/bitnami-charts/bitnami/mariadb-galera	.cache/benchmark-refresh-1789304252/outputs/chart-topologies/bitnami/bitnami/mariadb-galera
third_party/bitnami-charts/bitnami/mastodon	.cache/benchmark-refresh-1789304252/outputs/chart-topologies/bitnami/bitnami/mastodon
third_party/bitnami-charts/bitnami/matomo	.cache/benchmark-refresh-1789304252/outputs/chart-topologies/bitnami/bitnami/matomo
third_party/bitnami-charts/bitnami/memcached	.cache/benchmark-refresh-1789304252/outputs/chart-topologies/bitnami/bitnami/memcached
third_party/bitnami-charts/bitnami/metallb	.cache/benchmark-refresh-1789304252/outputs/chart-topologies/bitnami/bitnami/metallb
third_party/bitnami-charts/bitnami/metrics-server	.cache/benchmark-refresh-1789304252/outputs/chart-topologies/bitnami/bitnami/metrics-server
third_party/bitnami-charts/bitnami/milvus	.cache/benchmark-refresh-1789304252/outputs/chart-topologies/bitnami/bitnami/milvus
third_party/bitnami-charts/bitnami/mlflow	.cache/benchmark-refresh-1789304252/outputs/chart-topologies/bitnami/bitnami/mlflow
third_party/bitnami-charts/bitnami/mongodb	.cache/benchmark-refresh-1789304252/outputs/chart-topologies/bitnami/bitnami/mongodb
third_party/bitnami-charts/bitnami/mongodb-sharded	.cache/benchmark-refresh-1789304252/outputs/chart-topologies/bitnami/bitnami/mongodb-sharded
third_party/bitnami-charts/bitnami/moodle	.cache/benchmark-refresh-1789304252/outputs/chart-topologies/bitnami/bitnami/moodle
third_party/bitnami-charts/bitnami/multus-cni	.cache/benchmark-refresh-1789304252/outputs/chart-topologies/bitnami/bitnami/multus-cni
third_party/bitnami-charts/bitnami/mysql	.cache/benchmark-refresh-1789304252/outputs/chart-topologies/bitnami/bitnami/mysql
third_party/bitnami-charts/bitnami/nats	.cache/benchmark-refresh-1789304252/outputs/chart-topologies/bitnami/bitnami/nats
third_party/bitnami-charts/bitnami/neo4j	.cache/benchmark-refresh-1789304252/outputs/chart-topologies/bitnami/bitnami/neo4j
third_party/bitnami-charts/bitnami/nessie	.cache/benchmark-refresh-1789304252/outputs/chart-topologies/bitnami/bitnami/nessie
third_party/bitnami-charts/bitnami/nginx	.cache/benchmark-refresh-1789304252/outputs/chart-topologies/bitnami/bitnami/nginx
third_party/bitnami-charts/bitnami/node-exporter	.cache/benchmark-refresh-1789304252/outputs/chart-topologies/bitnami/bitnami/node-exporter
third_party/bitnami-charts/bitnami/oauth2-proxy	.cache/benchmark-refresh-1789304252/outputs/chart-topologies/bitnami/bitnami/oauth2-proxy
third_party/bitnami-charts/bitnami/odoo	.cache/benchmark-refresh-1789304252/outputs/chart-topologies/bitnami/bitnami/odoo
third_party/bitnami-charts/bitnami/opensearch	.cache/benchmark-refresh-1789304252/outputs/chart-topologies/bitnami/bitnami/opensearch
third_party/bitnami-charts/bitnami/parse	.cache/benchmark-refresh-1789304252/outputs/chart-topologies/bitnami/bitnami/parse
third_party/bitnami-charts/bitnami/phpmyadmin	.cache/benchmark-refresh-1789304252/outputs/chart-topologies/bitnami/bitnami/phpmyadmin
third_party/bitnami-charts/bitnami/pinniped	.cache/benchmark-refresh-1789304252/outputs/chart-topologies/bitnami/bitnami/pinniped
third_party/bitnami-charts/bitnami/postgresql	.cache/benchmark-refresh-1789304252/outputs/chart-topologies/bitnami/bitnami/postgresql
third_party/bitnami-charts/bitnami/postgresql-ha	.cache/benchmark-refresh-1789304252/outputs/chart-topologies/bitnami/bitnami/postgresql-ha
third_party/bitnami-charts/bitnami/prometheus	.cache/benchmark-refresh-1789304252/outputs/chart-topologies/bitnami/bitnami/prometheus
third_party/bitnami-charts/bitnami/pytorch	.cache/benchmark-refresh-1789304252/outputs/chart-topologies/bitnami/bitnami/pytorch
third_party/bitnami-charts/bitnami/rabbitmq	.cache/benchmark-refresh-1789304252/outputs/chart-topologies/bitnami/bitnami/rabbitmq
third_party/bitnami-charts/bitnami/rabbitmq-cluster-operator	.cache/benchmark-refresh-1789304252/outputs/chart-topologies/bitnami/bitnami/rabbitmq-cluster-operator
third_party/bitnami-charts/bitnami/redis	.cache/benchmark-refresh-1789304252/outputs/chart-topologies/bitnami/bitnami/redis
third_party/bitnami-charts/bitnami/redis-cluster	.cache/benchmark-refresh-1789304252/outputs/chart-topologies/bitnami/bitnami/redis-cluster
third_party/bitnami-charts/bitnami/redmine	.cache/benchmark-refresh-1789304252/outputs/chart-topologies/bitnami/bitnami/redmine
third_party/bitnami-charts/bitnami/schema-registry	.cache/benchmark-refresh-1789304252/outputs/chart-topologies/bitnami/bitnami/schema-registry
third_party/bitnami-charts/bitnami/scylladb	.cache/benchmark-refresh-1789304252/outputs/chart-topologies/bitnami/bitnami/scylladb
third_party/bitnami-charts/bitnami/sealed-secrets	.cache/benchmark-refresh-1789304252/outputs/chart-topologies/bitnami/bitnami/sealed-secrets
third_party/bitnami-charts/bitnami/seaweedfs	.cache/benchmark-refresh-1789304252/outputs/chart-topologies/bitnami/bitnami/seaweedfs
third_party/bitnami-charts/bitnami/solr	.cache/benchmark-refresh-1789304252/outputs/chart-topologies/bitnami/bitnami/solr
third_party/bitnami-charts/bitnami/sonarqube	.cache/benchmark-refresh-1789304252/outputs/chart-topologies/bitnami/bitnami/sonarqube
third_party/bitnami-charts/bitnami/spark	.cache/benchmark-refresh-1789304252/outputs/chart-topologies/bitnami/bitnami/spark
third_party/bitnami-charts/bitnami/superset	.cache/benchmark-refresh-1789304252/outputs/chart-topologies/bitnami/bitnami/superset
third_party/bitnami-charts/bitnami/tensorflow-resnet	.cache/benchmark-refresh-1789304252/outputs/chart-topologies/bitnami/bitnami/tensorflow-resnet
third_party/bitnami-charts/bitnami/thanos	.cache/benchmark-refresh-1789304252/outputs/chart-topologies/bitnami/bitnami/thanos
third_party/bitnami-charts/bitnami/tomcat	.cache/benchmark-refresh-1789304252/outputs/chart-topologies/bitnami/bitnami/tomcat
third_party/bitnami-charts/bitnami/valkey	.cache/benchmark-refresh-1789304252/outputs/chart-topologies/bitnami/bitnami/valkey
third_party/bitnami-charts/bitnami/valkey-cluster	.cache/benchmark-refresh-1789304252/outputs/chart-topologies/bitnami/bitnami/valkey-cluster
third_party/bitnami-charts/bitnami/vault	.cache/benchmark-refresh-1789304252/outputs/chart-topologies/bitnami/bitnami/vault
third_party/bitnami-charts/bitnami/victoriametrics	.cache/benchmark-refresh-1789304252/outputs/chart-topologies/bitnami/bitnami/victoriametrics
third_party/bitnami-charts/bitnami/whereabouts	.cache/benchmark-refresh-1789304252/outputs/chart-topologies/bitnami/bitnami/whereabouts
third_party/bitnami-charts/bitnami/wildfly	.cache/benchmark-refresh-1789304252/outputs/chart-topologies/bitnami/bitnami/wildfly
third_party/bitnami-charts/bitnami/wordpress	.cache/benchmark-refresh-1789304252/outputs/chart-topologies/bitnami/bitnami/wordpress
third_party/bitnami-charts/bitnami/zipkin	.cache/benchmark-refresh-1789304252/outputs/chart-topologies/bitnami/bitnami/zipkin
third_party/bitnami-charts/bitnami/zookeeper	.cache/benchmark-refresh-1789304252/outputs/chart-topologies/bitnami/bitnami/zookeeper
third_party/prometheus-community-helm-charts/charts/alertmanager	.cache/benchmark-refresh-1789304252/outputs/chart-topologies/prometheus/charts/alertmanager
third_party/prometheus-community-helm-charts/charts/alertmanager-snmp-notifier	.cache/benchmark-refresh-1789304252/outputs/chart-topologies/prometheus/charts/alertmanager-snmp-notifier
third_party/prometheus-community-helm-charts/charts/jiralert	.cache/benchmark-refresh-1789304252/outputs/chart-topologies/prometheus/charts/jiralert
third_party/prometheus-community-helm-charts/charts/kube-prometheus-stack	.cache/benchmark-refresh-1789304252/outputs/chart-topologies/prometheus/charts/kube-prometheus-stack
third_party/prometheus-community-helm-charts/charts/kube-prometheus-stack/charts/crds	.cache/benchmark-refresh-1789304252/outputs/chart-topologies/prometheus/charts/kube-prometheus-stack/charts/crds
third_party/prometheus-community-helm-charts/charts/kube-state-metrics	.cache/benchmark-refresh-1789304252/outputs/chart-topologies/prometheus/charts/kube-state-metrics
third_party/prometheus-community-helm-charts/charts/prom-label-proxy	.cache/benchmark-refresh-1789304252/outputs/chart-topologies/prometheus/charts/prom-label-proxy
third_party/prometheus-community-helm-charts/charts/prometheus	.cache/benchmark-refresh-1789304252/outputs/chart-topologies/prometheus/charts/prometheus
third_party/prometheus-community-helm-charts/charts/prometheus-adapter	.cache/benchmark-refresh-1789304252/outputs/chart-topologies/prometheus/charts/prometheus-adapter
third_party/prometheus-community-helm-charts/charts/prometheus-blackbox-exporter	.cache/benchmark-refresh-1789304252/outputs/chart-topologies/prometheus/charts/prometheus-blackbox-exporter
third_party/prometheus-community-helm-charts/charts/prometheus-cloudwatch-exporter	.cache/benchmark-refresh-1789304252/outputs/chart-topologies/prometheus/charts/prometheus-cloudwatch-exporter
third_party/prometheus-community-helm-charts/charts/prometheus-conntrack-stats-exporter	.cache/benchmark-refresh-1789304252/outputs/chart-topologies/prometheus/charts/prometheus-conntrack-stats-exporter
third_party/prometheus-community-helm-charts/charts/prometheus-consul-exporter	.cache/benchmark-refresh-1789304252/outputs/chart-topologies/prometheus/charts/prometheus-consul-exporter
third_party/prometheus-community-helm-charts/charts/prometheus-couchdb-exporter	.cache/benchmark-refresh-1789304252/outputs/chart-topologies/prometheus/charts/prometheus-couchdb-exporter
third_party/prometheus-community-helm-charts/charts/prometheus-druid-exporter	.cache/benchmark-refresh-1789304252/outputs/chart-topologies/prometheus/charts/prometheus-druid-exporter
third_party/prometheus-community-helm-charts/charts/prometheus-elasticsearch-exporter	.cache/benchmark-refresh-1789304252/outputs/chart-topologies/prometheus/charts/prometheus-elasticsearch-exporter
third_party/prometheus-community-helm-charts/charts/prometheus-fastly-exporter	.cache/benchmark-refresh-1789304252/outputs/chart-topologies/prometheus/charts/prometheus-fastly-exporter
third_party/prometheus-community-helm-charts/charts/prometheus-ipmi-exporter	.cache/benchmark-refresh-1789304252/outputs/chart-topologies/prometheus/charts/prometheus-ipmi-exporter
third_party/prometheus-community-helm-charts/charts/prometheus-json-exporter	.cache/benchmark-refresh-1789304252/outputs/chart-topologies/prometheus/charts/prometheus-json-exporter
third_party/prometheus-community-helm-charts/charts/prometheus-kafka-exporter	.cache/benchmark-refresh-1789304252/outputs/chart-topologies/prometheus/charts/prometheus-kafka-exporter
third_party/prometheus-community-helm-charts/charts/prometheus-memcached-exporter	.cache/benchmark-refresh-1789304252/outputs/chart-topologies/prometheus/charts/prometheus-memcached-exporter
third_party/prometheus-community-helm-charts/charts/prometheus-modbus-exporter	.cache/benchmark-refresh-1789304252/outputs/chart-topologies/prometheus/charts/prometheus-modbus-exporter
third_party/prometheus-community-helm-charts/charts/prometheus-mongodb-exporter	.cache/benchmark-refresh-1789304252/outputs/chart-topologies/prometheus/charts/prometheus-mongodb-exporter
third_party/prometheus-community-helm-charts/charts/prometheus-mysql-exporter	.cache/benchmark-refresh-1789304252/outputs/chart-topologies/prometheus/charts/prometheus-mysql-exporter
third_party/prometheus-community-helm-charts/charts/prometheus-nats-exporter	.cache/benchmark-refresh-1789304252/outputs/chart-topologies/prometheus/charts/prometheus-nats-exporter
third_party/prometheus-community-helm-charts/charts/prometheus-nginx-exporter	.cache/benchmark-refresh-1789304252/outputs/chart-topologies/prometheus/charts/prometheus-nginx-exporter
third_party/prometheus-community-helm-charts/charts/prometheus-node-exporter	.cache/benchmark-refresh-1789304252/outputs/chart-topologies/prometheus/charts/prometheus-node-exporter
third_party/prometheus-community-helm-charts/charts/prometheus-operator-admission-webhook	.cache/benchmark-refresh-1789304252/outputs/chart-topologies/prometheus/charts/prometheus-operator-admission-webhook
third_party/prometheus-community-helm-charts/charts/prometheus-operator-crds	.cache/benchmark-refresh-1789304252/outputs/chart-topologies/prometheus/charts/prometheus-operator-crds
third_party/prometheus-community-helm-charts/charts/prometheus-operator-crds/charts/crds	.cache/benchmark-refresh-1789304252/outputs/chart-topologies/prometheus/charts/prometheus-operator-crds/charts/crds
third_party/prometheus-community-helm-charts/charts/prometheus-pgbouncer-exporter	.cache/benchmark-refresh-1789304252/outputs/chart-topologies/prometheus/charts/prometheus-pgbouncer-exporter
third_party/prometheus-community-helm-charts/charts/prometheus-pingdom-exporter	.cache/benchmark-refresh-1789304252/outputs/chart-topologies/prometheus/charts/prometheus-pingdom-exporter
third_party/prometheus-community-helm-charts/charts/prometheus-pingmesh-exporter	.cache/benchmark-refresh-1789304252/outputs/chart-topologies/prometheus/charts/prometheus-pingmesh-exporter
third_party/prometheus-community-helm-charts/charts/prometheus-postgres-exporter	.cache/benchmark-refresh-1789304252/outputs/chart-topologies/prometheus/charts/prometheus-postgres-exporter
third_party/prometheus-community-helm-charts/charts/prometheus-pushgateway	.cache/benchmark-refresh-1789304252/outputs/chart-topologies/prometheus/charts/prometheus-pushgateway
third_party/prometheus-community-helm-charts/charts/prometheus-rabbitmq-exporter	.cache/benchmark-refresh-1789304252/outputs/chart-topologies/prometheus/charts/prometheus-rabbitmq-exporter
third_party/prometheus-community-helm-charts/charts/prometheus-redis-exporter	.cache/benchmark-refresh-1789304252/outputs/chart-topologies/prometheus/charts/prometheus-redis-exporter
third_party/prometheus-community-helm-charts/charts/prometheus-smartctl-exporter	.cache/benchmark-refresh-1789304252/outputs/chart-topologies/prometheus/charts/prometheus-smartctl-exporter
third_party/prometheus-community-helm-charts/charts/prometheus-snmp-exporter	.cache/benchmark-refresh-1789304252/outputs/chart-topologies/prometheus/charts/prometheus-snmp-exporter
third_party/prometheus-community-helm-charts/charts/prometheus-sql-exporter	.cache/benchmark-refresh-1789304252/outputs/chart-topologies/prometheus/charts/prometheus-sql-exporter
third_party/prometheus-community-helm-charts/charts/prometheus-stackdriver-exporter	.cache/benchmark-refresh-1789304252/outputs/chart-topologies/prometheus/charts/prometheus-stackdriver-exporter
third_party/prometheus-community-helm-charts/charts/prometheus-statsd-exporter	.cache/benchmark-refresh-1789304252/outputs/chart-topologies/prometheus/charts/prometheus-statsd-exporter
third_party/prometheus-community-helm-charts/charts/prometheus-systemd-exporter	.cache/benchmark-refresh-1789304252/outputs/chart-topologies/prometheus/charts/prometheus-systemd-exporter
third_party/prometheus-community-helm-charts/charts/prometheus-to-sd	.cache/benchmark-refresh-1789304252/outputs/chart-topologies/prometheus/charts/prometheus-to-sd
third_party/prometheus-community-helm-charts/charts/prometheus-windows-exporter	.cache/benchmark-refresh-1789304252/outputs/chart-topologies/prometheus/charts/prometheus-windows-exporter
third_party/prometheus-community-helm-charts/charts/prometheus-yet-another-cloudwatch-exporter	.cache/benchmark-refresh-1789304252/outputs/chart-topologies/prometheus/charts/prometheus-yet-another-cloudwatch-exporter
.cache/benchmark-refresh-1789304252/outputs/bug-density/chart	.cache/benchmark-refresh-1789304252/outputs/chart-topologies/synthetic/bug-density/chart
.cache/benchmark-refresh-1789304252/outputs/discovery/chart	.cache/benchmark-refresh-1789304252/outputs/chart-topologies/synthetic/discovery/chart
.cache/benchmark-refresh-1789304252/outputs/expansion/charts/boundaries	.cache/benchmark-refresh-1789304252/outputs/chart-topologies/synthetic/expansion/charts/boundaries
.cache/benchmark-refresh-1789304252/outputs/expansion/charts/constraints	.cache/benchmark-refresh-1789304252/outputs/chart-topologies/synthetic/expansion/charts/constraints
.cache/benchmark-refresh-1789304252/outputs/expansion/charts/control-flow	.cache/benchmark-refresh-1789304252/outputs/chart-topologies/synthetic/expansion/charts/control-flow
.cache/benchmark-refresh-1789304252/outputs/expansion/charts/dependencies	.cache/benchmark-refresh-1789304252/outputs/chart-topologies/synthetic/expansion/charts/dependencies
.cache/benchmark-refresh-1789304252/outputs/expansion/charts/equivalence	.cache/benchmark-refresh-1789304252/outputs/chart-topologies/synthetic/expansion/charts/equivalence
.cache/benchmark-refresh-1789304252/outputs/expansion/charts/interactions	.cache/benchmark-refresh-1789304252/outputs/chart-topologies/synthetic/expansion/charts/interactions
.cache/benchmark-refresh-1789304252/outputs/matrix/charts/boundaries	.cache/benchmark-refresh-1789304252/outputs/chart-topologies/synthetic/matrix/charts/boundaries
.cache/benchmark-refresh-1789304252/outputs/matrix/charts/constraints	.cache/benchmark-refresh-1789304252/outputs/chart-topologies/synthetic/matrix/charts/constraints
.cache/benchmark-refresh-1789304252/outputs/matrix/charts/control-flow	.cache/benchmark-refresh-1789304252/outputs/chart-topologies/synthetic/matrix/charts/control-flow
.cache/benchmark-refresh-1789304252/outputs/matrix/charts/dependencies	.cache/benchmark-refresh-1789304252/outputs/chart-topologies/synthetic/matrix/charts/dependencies
.cache/benchmark-refresh-1789304252/outputs/matrix/charts/equivalence	.cache/benchmark-refresh-1789304252/outputs/chart-topologies/synthetic/matrix/charts/equivalence
.cache/benchmark-refresh-1789304252/outputs/matrix/charts/interactions	.cache/benchmark-refresh-1789304252/outputs/chart-topologies/synthetic/matrix/charts/interactions
.cache/benchmark-refresh-1789304252/outputs/nesting/charts/supported-deep	.cache/benchmark-refresh-1789304252/outputs/chart-topologies/synthetic/nesting/charts/supported-deep
.cache/benchmark-refresh-1789304252/outputs/nesting/charts/supported-random	.cache/benchmark-refresh-1789304252/outputs/chart-topologies/synthetic/nesting/charts/supported-random
.cache/benchmark-refresh-1789304252/outputs/nesting/charts/supported-shallow	.cache/benchmark-refresh-1789304252/outputs/chart-topologies/synthetic/nesting/charts/supported-shallow
.cache/benchmark-refresh-1789304252/outputs/nesting/charts/uniform-deep	.cache/benchmark-refresh-1789304252/outputs/chart-topologies/synthetic/nesting/charts/uniform-deep
.cache/benchmark-refresh-1789304252/outputs/nesting/charts/uniform-random	.cache/benchmark-refresh-1789304252/outputs/chart-topologies/synthetic/nesting/charts/uniform-random
.cache/benchmark-refresh-1789304252/outputs/nesting/charts/uniform-shallow	.cache/benchmark-refresh-1789304252/outputs/chart-topologies/synthetic/nesting/charts/uniform-shallow
.cache/benchmark-refresh-1789304252/outputs/pca/charts/boundaries	.cache/benchmark-refresh-1789304252/outputs/chart-topologies/synthetic/pca/charts/boundaries
.cache/benchmark-refresh-1789304252/outputs/pca/charts/constraints	.cache/benchmark-refresh-1789304252/outputs/chart-topologies/synthetic/pca/charts/constraints
.cache/benchmark-refresh-1789304252/outputs/pca/charts/control-flow	.cache/benchmark-refresh-1789304252/outputs/chart-topologies/synthetic/pca/charts/control-flow
.cache/benchmark-refresh-1789304252/outputs/pca/charts/dependencies	.cache/benchmark-refresh-1789304252/outputs/chart-topologies/synthetic/pca/charts/dependencies
.cache/benchmark-refresh-1789304252/outputs/pca/charts/equivalence	.cache/benchmark-refresh-1789304252/outputs/chart-topologies/synthetic/pca/charts/equivalence
.cache/benchmark-refresh-1789304252/outputs/pca/charts/interactions	.cache/benchmark-refresh-1789304252/outputs/chart-topologies/synthetic/pca/charts/interactions
.cache/benchmark-refresh-1789304252/outputs/topology-depth/charts/boundaries	.cache/benchmark-refresh-1789304252/outputs/chart-topologies/synthetic/topology-depth/charts/boundaries
.cache/benchmark-refresh-1789304252/outputs/topology-depth/charts/constraints	.cache/benchmark-refresh-1789304252/outputs/chart-topologies/synthetic/topology-depth/charts/constraints
.cache/benchmark-refresh-1789304252/outputs/topology-depth/charts/control-flow	.cache/benchmark-refresh-1789304252/outputs/chart-topologies/synthetic/topology-depth/charts/control-flow
.cache/benchmark-refresh-1789304252/outputs/topology-depth/charts/dependencies	.cache/benchmark-refresh-1789304252/outputs/chart-topologies/synthetic/topology-depth/charts/dependencies
.cache/benchmark-refresh-1789304252/outputs/topology-depth/charts/equivalence	.cache/benchmark-refresh-1789304252/outputs/chart-topologies/synthetic/topology-depth/charts/equivalence
.cache/benchmark-refresh-1789304252/outputs/topology-depth/charts/interactions	.cache/benchmark-refresh-1789304252/outputs/chart-topologies/synthetic/topology-depth/charts/interactions
.cache/benchmark-refresh-1789304252/outputs/topology-depth/charts/mixed-supported	.cache/benchmark-refresh-1789304252/outputs/chart-topologies/synthetic/topology-depth/charts/mixed-supported
.cache/benchmark-refresh-1789304252/outputs/topology-depth/charts/mixed-uniform	.cache/benchmark-refresh-1789304252/outputs/chart-topologies/synthetic/topology-depth/charts/mixed-uniform
.cache/benchmark-refresh-1789304252/standard-chart	.cache/benchmark-refresh-1789304252/outputs/chart-topologies/synthetic/normal-quantile
examples/topology-benchmark	.cache/benchmark-refresh-1789304252/outputs/chart-topologies/synthetic/topology-quantile
