third_party/bitnami-charts/bitnami/grafana-loki	.cache/benchmark-refresh-1789265418/outputs/chart-topologies/bitnami/grafana-loki
third_party/bitnami-charts/bitnami/grafana-mimir	.cache/benchmark-refresh-1789265418/outputs/chart-topologies/bitnami/grafana-mimir
third_party/bitnami-charts/bitnami/grafana-operator	.cache/benchmark-refresh-1789265418/outputs/chart-topologies/bitnami/grafana-operator
third_party/bitnami-charts/bitnami/nats	.cache/benchmark-refresh-1789265418/outputs/chart-topologies/bitnami/nats
third_party/bitnami-charts/bitnami/neo4j	.cache/benchmark-refresh-1789265418/outputs/chart-topologies/bitnami/neo4j
third_party/bitnami-charts/bitnami/pytorch	.cache/benchmark-refresh-1789265418/outputs/chart-topologies/bitnami/pytorch
third_party/bitnami-charts/bitnami/rabbitmq	.cache/benchmark-refresh-1789265418/outputs/chart-topologies/bitnami/rabbitmq
third_party/bitnami-charts/bitnami/rabbitmq-cluster-operator	.cache/benchmark-refresh-1789265418/outputs/chart-topologies/bitnami/rabbitmq-cluster-operator
third_party/bitnami-charts/bitnami/redis	.cache/benchmark-refresh-1789265418/outputs/chart-topologies/bitnami/redis
third_party/prometheus-community-helm-charts/charts/kube-prometheus-stack	.cache/benchmark-refresh-1789265418/outputs/chart-topologies/prometheus/kube-prometheus-stack
third_party/prometheus-community-helm-charts/charts/prometheus	.cache/benchmark-refresh-1789265418/outputs/chart-topologies/prometheus/prometheus
.cache/benchmark-refresh-1789265418/outputs/topology-depth/charts/boundaries	.cache/benchmark-refresh-1789265418/outputs/chart-topologies/synthetic/topology-depth/charts/boundaries
.cache/benchmark-refresh-1789265418/outputs/topology-depth/charts/constraints	.cache/benchmark-refresh-1789265418/outputs/chart-topologies/synthetic/topology-depth/charts/constraints
