.cache/benchmark-refresh-1789265418/outputs/chart-topologies/bitnami/flux/graph.json	.cache/benchmark-refresh-1789265418/outputs/chart-topologies/bitnami/flux	bitnami/flux
.cache/benchmark-refresh-1789265418/outputs/chart-topologies/bitnami/milvus/graph.json	.cache/benchmark-refresh-1789265418/outputs/chart-topologies/bitnami/milvus	bitnami/milvus
.cache/benchmark-refresh-1789265418/outputs/chart-topologies/bitnami/odoo/graph.json	.cache/benchmark-refresh-1789265418/outputs/chart-topologies/bitnami/odoo	bitnami/odoo
.cache/benchmark-refresh-1789265418/outputs/chart-topologies/bitnami/opensearch/graph.json	.cache/benchmark-refresh-1789265418/outputs/chart-topologies/bitnami/opensearch	bitnami/opensearch
.cache/benchmark-refresh-1789265418/outputs/chart-topologies/bitnami/parse/graph.json	.cache/benchmark-refresh-1789265418/outputs/chart-topologies/bitnami/parse	bitnami/parse
.cache/benchmark-refresh-1789265418/outputs/chart-topologies/bitnami/phpmyadmin/graph.json	.cache/benchmark-refresh-1789265418/outputs/chart-topologies/bitnami/phpmyadmin	bitnami/phpmyadmin
.cache/benchmark-refresh-1789265418/outputs/chart-topologies/prometheus/kube-state-metrics/graph.json	.cache/benchmark-refresh-1789265418/outputs/chart-topologies/prometheus/kube-state-metrics	prometheus/kube-state-metrics
.cache/benchmark-refresh-1789265418/outputs/chart-topologies/prometheus/prom-label-proxy/graph.json	.cache/benchmark-refresh-1789265418/outputs/chart-topologies/prometheus/prom-label-proxy	prometheus/prom-label-proxy
.cache/benchmark-refresh-1789265418/outputs/chart-topologies/prometheus/prometheus-operator-crds/graph.json	.cache/benchmark-refresh-1789265418/outputs/chart-topologies/prometheus/prometheus-operator-crds	prometheus/prometheus-operator-crds
.cache/benchmark-refresh-1789265418/outputs/chart-topologies/synthetic/pca/charts/interactions/graph.json	.cache/benchmark-refresh-1789265418/outputs/chart-topologies/synthetic/pca/charts/interactions	synthetic/pca/charts/interactions
