Seq	Host	Starttime	JobRuntime	Send	Receive	Exitval	Signal	Command
1	:	1789263973.913	     2.519	0	0	1	0	HELM_CACHE_HOME=/Users/emmadoyle/projects/personal/hypothesis-helm/docs/reports/prometheus-runs/prometheus-charts_1789260855/helm/cache-1 .venv/bin/hypothesis-helm scan third_party/prometheus-community-helm-charts/charts/alertmanager --helm /tmp/hh-helm4/darwin-arm64/helm --chart-timeout 5m --filter --max-examples 100 --seed 0 --artifact-dir docs/reports/prometheus-runs/prometheus-charts_1789260855/runs > docs/reports/prometheus-runs/prometheus-charts_1789260855/jobs/1.json 2> docs/reports/prometheus-runs/prometheus-charts_1789260855/jobs/1.err
5	:	1789263976.438	     0.973	0	0	1	0	HELM_CACHE_HOME=/Users/emmadoyle/projects/personal/hypothesis-helm/docs/reports/prometheus-runs/prometheus-charts_1789260855/helm/cache-1 .venv/bin/hypothesis-helm scan third_party/prometheus-community-helm-charts/charts/kube-prometheus-stack/charts/crds --helm /tmp/hh-helm4/darwin-arm64/helm --chart-timeout 5m --filter --max-examples 100 --seed 0 --artifact-dir docs/reports/prometheus-runs/prometheus-charts_1789260855/runs > docs/reports/prometheus-runs/prometheus-charts_1789260855/jobs/5.json 2> docs/reports/prometheus-runs/prometheus-charts_1789260855/jobs/5.err
2	:	1789263973.917	    11.289	0	0	1	0	HELM_CACHE_HOME=/Users/emmadoyle/projects/personal/hypothesis-helm/docs/reports/prometheus-runs/prometheus-charts_1789260855/helm/cache-2 .venv/bin/hypothesis-helm scan third_party/prometheus-community-helm-charts/charts/alertmanager-snmp-notifier --helm /tmp/hh-helm4/darwin-arm64/helm --chart-timeout 5m --filter --max-examples 100 --seed 0 --artifact-dir docs/reports/prometheus-runs/prometheus-charts_1789260855/runs > docs/reports/prometheus-runs/prometheus-charts_1789260855/jobs/2.json 2> docs/reports/prometheus-runs/prometheus-charts_1789260855/jobs/2.err
3	:	1789263973.920	    15.220	0	0	1	0	HELM_CACHE_HOME=/Users/emmadoyle/projects/personal/hypothesis-helm/docs/reports/prometheus-runs/prometheus-charts_1789260855/helm/cache-3 .venv/bin/hypothesis-helm scan third_party/prometheus-community-helm-charts/charts/jiralert --helm /tmp/hh-helm4/darwin-arm64/helm --chart-timeout 5m --filter --max-examples 100 --seed 0 --artifact-dir docs/reports/prometheus-runs/prometheus-charts_1789260855/runs > docs/reports/prometheus-runs/prometheus-charts_1789260855/jobs/3.json 2> docs/reports/prometheus-runs/prometheus-charts_1789260855/jobs/3.err
8	:	1789263989.148	     6.561	0	0	1	0	HELM_CACHE_HOME=/Users/emmadoyle/projects/personal/hypothesis-helm/docs/reports/prometheus-runs/prometheus-charts_1789260855/helm/cache-3 .venv/bin/hypothesis-helm scan third_party/prometheus-community-helm-charts/charts/prometheus --helm /tmp/hh-helm4/darwin-arm64/helm --chart-timeout 5m --filter --max-examples 100 --seed 0 --artifact-dir docs/reports/prometheus-runs/prometheus-charts_1789260855/runs > docs/reports/prometheus-runs/prometheus-charts_1789260855/jobs/8.json 2> docs/reports/prometheus-runs/prometheus-charts_1789260855/jobs/8.err
7	:	1789263985.243	    16.381	0	0	1	0	HELM_CACHE_HOME=/Users/emmadoyle/projects/personal/hypothesis-helm/docs/reports/prometheus-runs/prometheus-charts_1789260855/helm/cache-2 .venv/bin/hypothesis-helm scan third_party/prometheus-community-helm-charts/charts/prom-label-proxy --helm /tmp/hh-helm4/darwin-arm64/helm --chart-timeout 5m --filter --max-examples 100 --seed 0 --artifact-dir docs/reports/prometheus-runs/prometheus-charts_1789260855/runs > docs/reports/prometheus-runs/prometheus-charts_1789260855/jobs/7.json 2> docs/reports/prometheus-runs/prometheus-charts_1789260855/jobs/7.err
6	:	1789263977.417	    25.279	0	0	1	0	HELM_CACHE_HOME=/Users/emmadoyle/projects/personal/hypothesis-helm/docs/reports/prometheus-runs/prometheus-charts_1789260855/helm/cache-1 .venv/bin/hypothesis-helm scan third_party/prometheus-community-helm-charts/charts/kube-state-metrics --helm /tmp/hh-helm4/darwin-arm64/helm --chart-timeout 5m --filter --max-examples 100 --seed 0 --artifact-dir docs/reports/prometheus-runs/prometheus-charts_1789260855/runs > docs/reports/prometheus-runs/prometheus-charts_1789260855/jobs/6.json 2> docs/reports/prometheus-runs/prometheus-charts_1789260855/jobs/6.err
11	:	1789264002.702	    12.722	0	0	1	0	HELM_CACHE_HOME=/Users/emmadoyle/projects/personal/hypothesis-helm/docs/reports/prometheus-runs/prometheus-charts_1789260855/helm/cache-1 .venv/bin/hypothesis-helm scan third_party/prometheus-community-helm-charts/charts/prometheus-cloudwatch-exporter --helm /tmp/hh-helm4/darwin-arm64/helm --chart-timeout 5m --filter --max-examples 100 --seed 0 --artifact-dir docs/reports/prometheus-runs/prometheus-charts_1789260855/runs > docs/reports/prometheus-runs/prometheus-charts_1789260855/jobs/11.json 2> docs/reports/prometheus-runs/prometheus-charts_1789260855/jobs/11.err
10	:	1789264001.629	    16.763	0	0	1	0	HELM_CACHE_HOME=/Users/emmadoyle/projects/personal/hypothesis-helm/docs/reports/prometheus-runs/prometheus-charts_1789260855/helm/cache-2 .venv/bin/hypothesis-helm scan third_party/prometheus-community-helm-charts/charts/prometheus-blackbox-exporter --helm /tmp/hh-helm4/darwin-arm64/helm --chart-timeout 5m --filter --max-examples 100 --seed 0 --artifact-dir docs/reports/prometheus-runs/prometheus-charts_1789260855/runs > docs/reports/prometheus-runs/prometheus-charts_1789260855/jobs/10.json 2> docs/reports/prometheus-runs/prometheus-charts_1789260855/jobs/10.err
12	:	1789264015.430	     9.746	0	0	1	0	HELM_CACHE_HOME=/Users/emmadoyle/projects/personal/hypothesis-helm/docs/reports/prometheus-runs/prometheus-charts_1789260855/helm/cache-1 .venv/bin/hypothesis-helm scan third_party/prometheus-community-helm-charts/charts/prometheus-conntrack-stats-exporter --helm /tmp/hh-helm4/darwin-arm64/helm --chart-timeout 5m --filter --max-examples 100 --seed 0 --artifact-dir docs/reports/prometheus-runs/prometheus-charts_1789260855/runs > docs/reports/prometheus-runs/prometheus-charts_1789260855/jobs/12.json 2> docs/reports/prometheus-runs/prometheus-charts_1789260855/jobs/12.err
9	:	1789263995.714	    31.561	0	0	1	0	HELM_CACHE_HOME=/Users/emmadoyle/projects/personal/hypothesis-helm/docs/reports/prometheus-runs/prometheus-charts_1789260855/helm/cache-3 .venv/bin/hypothesis-helm scan third_party/prometheus-community-helm-charts/charts/prometheus-adapter --helm /tmp/hh-helm4/darwin-arm64/helm --chart-timeout 5m --filter --max-examples 100 --seed 0 --artifact-dir docs/reports/prometheus-runs/prometheus-charts_1789260855/runs > docs/reports/prometheus-runs/prometheus-charts_1789260855/jobs/9.json 2> docs/reports/prometheus-runs/prometheus-charts_1789260855/jobs/9.err
13	:	1789264018.396	    13.851	0	0	1	0	HELM_CACHE_HOME=/Users/emmadoyle/projects/personal/hypothesis-helm/docs/reports/prometheus-runs/prometheus-charts_1789260855/helm/cache-2 .venv/bin/hypothesis-helm scan third_party/prometheus-community-helm-charts/charts/prometheus-consul-exporter --helm /tmp/hh-helm4/darwin-arm64/helm --chart-timeout 5m --filter --max-examples 100 --seed 0 --artifact-dir docs/reports/prometheus-runs/prometheus-charts_1789260855/runs > docs/reports/prometheus-runs/prometheus-charts_1789260855/jobs/13.json 2> docs/reports/prometheus-runs/prometheus-charts_1789260855/jobs/13.err
15	:	1789264027.280	    12.417	0	0	1	0	HELM_CACHE_HOME=/Users/emmadoyle/projects/personal/hypothesis-helm/docs/reports/prometheus-runs/prometheus-charts_1789260855/helm/cache-3 .venv/bin/hypothesis-helm scan third_party/prometheus-community-helm-charts/charts/prometheus-druid-exporter --helm /tmp/hh-helm4/darwin-arm64/helm --chart-timeout 5m --filter --max-examples 100 --seed 0 --artifact-dir docs/reports/prometheus-runs/prometheus-charts_1789260855/runs > docs/reports/prometheus-runs/prometheus-charts_1789260855/jobs/15.json 2> docs/reports/prometheus-runs/prometheus-charts_1789260855/jobs/15.err
14	:	1789264025.205	    15.990	0	0	1	0	HELM_CACHE_HOME=/Users/emmadoyle/projects/personal/hypothesis-helm/docs/reports/prometheus-runs/prometheus-charts_1789260855/helm/cache-1 .venv/bin/hypothesis-helm scan third_party/prometheus-community-helm-charts/charts/prometheus-couchdb-exporter --helm /tmp/hh-helm4/darwin-arm64/helm --chart-timeout 5m --filter --max-examples 100 --seed 0 --artifact-dir docs/reports/prometheus-runs/prometheus-charts_1789260855/runs > docs/reports/prometheus-runs/prometheus-charts_1789260855/jobs/14.json 2> docs/reports/prometheus-runs/prometheus-charts_1789260855/jobs/14.err
16	:	1789264032.253	    13.957	0	0	1	0	HELM_CACHE_HOME=/Users/emmadoyle/projects/personal/hypothesis-helm/docs/reports/prometheus-runs/prometheus-charts_1789260855/helm/cache-2 .venv/bin/hypothesis-helm scan third_party/prometheus-community-helm-charts/charts/prometheus-elasticsearch-exporter --helm /tmp/hh-helm4/darwin-arm64/helm --chart-timeout 5m --filter --max-examples 100 --seed 0 --artifact-dir docs/reports/prometheus-runs/prometheus-charts_1789260855/runs > docs/reports/prometheus-runs/prometheus-charts_1789260855/jobs/16.json 2> docs/reports/prometheus-runs/prometheus-charts_1789260855/jobs/16.err
17	:	1789264039.703	    10.619	0	0	1	0	HELM_CACHE_HOME=/Users/emmadoyle/projects/personal/hypothesis-helm/docs/reports/prometheus-runs/prometheus-charts_1789260855/helm/cache-3 .venv/bin/hypothesis-helm scan third_party/prometheus-community-helm-charts/charts/prometheus-fastly-exporter --helm /tmp/hh-helm4/darwin-arm64/helm --chart-timeout 5m --filter --max-examples 100 --seed 0 --artifact-dir docs/reports/prometheus-runs/prometheus-charts_1789260855/runs > docs/reports/prometheus-runs/prometheus-charts_1789260855/jobs/17.json 2> docs/reports/prometheus-runs/prometheus-charts_1789260855/jobs/17.err
18	:	1789264041.200	    10.394	0	0	1	0	HELM_CACHE_HOME=/Users/emmadoyle/projects/personal/hypothesis-helm/docs/reports/prometheus-runs/prometheus-charts_1789260855/helm/cache-1 .venv/bin/hypothesis-helm scan third_party/prometheus-community-helm-charts/charts/prometheus-ipmi-exporter --helm /tmp/hh-helm4/darwin-arm64/helm --chart-timeout 5m --filter --max-examples 100 --seed 0 --artifact-dir docs/reports/prometheus-runs/prometheus-charts_1789260855/runs > docs/reports/prometheus-runs/prometheus-charts_1789260855/jobs/18.json 2> docs/reports/prometheus-runs/prometheus-charts_1789260855/jobs/18.err
19	:	1789264046.219	    11.710	0	0	1	0	HELM_CACHE_HOME=/Users/emmadoyle/projects/personal/hypothesis-helm/docs/reports/prometheus-runs/prometheus-charts_1789260855/helm/cache-2 .venv/bin/hypothesis-helm scan third_party/prometheus-community-helm-charts/charts/prometheus-json-exporter --helm /tmp/hh-helm4/darwin-arm64/helm --chart-timeout 5m --filter --max-examples 100 --seed 0 --artifact-dir docs/reports/prometheus-runs/prometheus-charts_1789260855/runs > docs/reports/prometheus-runs/prometheus-charts_1789260855/jobs/19.json 2> docs/reports/prometheus-runs/prometheus-charts_1789260855/jobs/19.err
20	:	1789264050.328	    12.724	0	0	1	0	HELM_CACHE_HOME=/Users/emmadoyle/projects/personal/hypothesis-helm/docs/reports/prometheus-runs/prometheus-charts_1789260855/helm/cache-3 .venv/bin/hypothesis-helm scan third_party/prometheus-community-helm-charts/charts/prometheus-kafka-exporter --helm /tmp/hh-helm4/darwin-arm64/helm --chart-timeout 5m --filter --max-examples 100 --seed 0 --artifact-dir docs/reports/prometheus-runs/prometheus-charts_1789260855/runs > docs/reports/prometheus-runs/prometheus-charts_1789260855/jobs/20.json 2> docs/reports/prometheus-runs/prometheus-charts_1789260855/jobs/20.err
21	:	1789264051.599	    15.174	0	0	1	0	HELM_CACHE_HOME=/Users/emmadoyle/projects/personal/hypothesis-helm/docs/reports/prometheus-runs/prometheus-charts_1789260855/helm/cache-1 .venv/bin/hypothesis-helm scan third_party/prometheus-community-helm-charts/charts/prometheus-memcached-exporter --helm /tmp/hh-helm4/darwin-arm64/helm --chart-timeout 5m --filter --max-examples 100 --seed 0 --artifact-dir docs/reports/prometheus-runs/prometheus-charts_1789260855/runs > docs/reports/prometheus-runs/prometheus-charts_1789260855/jobs/21.json 2> docs/reports/prometheus-runs/prometheus-charts_1789260855/jobs/21.err
22	:	1789264057.936	    13.050	0	0	1	0	HELM_CACHE_HOME=/Users/emmadoyle/projects/personal/hypothesis-helm/docs/reports/prometheus-runs/prometheus-charts_1789260855/helm/cache-2 .venv/bin/hypothesis-helm scan third_party/prometheus-community-helm-charts/charts/prometheus-modbus-exporter --helm /tmp/hh-helm4/darwin-arm64/helm --chart-timeout 5m --filter --max-examples 100 --seed 0 --artifact-dir docs/reports/prometheus-runs/prometheus-charts_1789260855/runs > docs/reports/prometheus-runs/prometheus-charts_1789260855/jobs/22.json 2> docs/reports/prometheus-runs/prometheus-charts_1789260855/jobs/22.err
23	:	1789264063.058	    13.230	0	0	1	0	HELM_CACHE_HOME=/Users/emmadoyle/projects/personal/hypothesis-helm/docs/reports/prometheus-runs/prometheus-charts_1789260855/helm/cache-3 .venv/bin/hypothesis-helm scan third_party/prometheus-community-helm-charts/charts/prometheus-mongodb-exporter --helm /tmp/hh-helm4/darwin-arm64/helm --chart-timeout 5m --filter --max-examples 100 --seed 0 --artifact-dir docs/reports/prometheus-runs/prometheus-charts_1789260855/runs > docs/reports/prometheus-runs/prometheus-charts_1789260855/jobs/23.json 2> docs/reports/prometheus-runs/prometheus-charts_1789260855/jobs/23.err
25	:	1789264070.995	    11.307	0	0	1	0	HELM_CACHE_HOME=/Users/emmadoyle/projects/personal/hypothesis-helm/docs/reports/prometheus-runs/prometheus-charts_1789260855/helm/cache-2 .venv/bin/hypothesis-helm scan third_party/prometheus-community-helm-charts/charts/prometheus-nats-exporter --helm /tmp/hh-helm4/darwin-arm64/helm --chart-timeout 5m --filter --max-examples 100 --seed 0 --artifact-dir docs/reports/prometheus-runs/prometheus-charts_1789260855/runs > docs/reports/prometheus-runs/prometheus-charts_1789260855/jobs/25.json 2> docs/reports/prometheus-runs/prometheus-charts_1789260855/jobs/25.err
26	:	1789264076.293	    15.966	0	0	1	0	HELM_CACHE_HOME=/Users/emmadoyle/projects/personal/hypothesis-helm/docs/reports/prometheus-runs/prometheus-charts_1789260855/helm/cache-3 .venv/bin/hypothesis-helm scan third_party/prometheus-community-helm-charts/charts/prometheus-nginx-exporter --helm /tmp/hh-helm4/darwin-arm64/helm --chart-timeout 5m --filter --max-examples 100 --seed 0 --artifact-dir docs/reports/prometheus-runs/prometheus-charts_1789260855/runs > docs/reports/prometheus-runs/prometheus-charts_1789260855/jobs/26.json 2> docs/reports/prometheus-runs/prometheus-charts_1789260855/jobs/26.err
27	:	1789264082.306	    24.680	0	0	1	0	HELM_CACHE_HOME=/Users/emmadoyle/projects/personal/hypothesis-helm/docs/reports/prometheus-runs/prometheus-charts_1789260855/helm/cache-2 .venv/bin/hypothesis-helm scan third_party/prometheus-community-helm-charts/charts/prometheus-node-exporter --helm /tmp/hh-helm4/darwin-arm64/helm --chart-timeout 5m --filter --max-examples 100 --seed 0 --artifact-dir docs/reports/prometheus-runs/prometheus-charts_1789260855/runs > docs/reports/prometheus-runs/prometheus-charts_1789260855/jobs/27.json 2> docs/reports/prometheus-runs/prometheus-charts_1789260855/jobs/27.err
24	:	1789264066.783	    45.569	0	0	1	0	HELM_CACHE_HOME=/Users/emmadoyle/projects/personal/hypothesis-helm/docs/reports/prometheus-runs/prometheus-charts_1789260855/helm/cache-1 .venv/bin/hypothesis-helm scan third_party/prometheus-community-helm-charts/charts/prometheus-mysql-exporter --helm /tmp/hh-helm4/darwin-arm64/helm --chart-timeout 5m --filter --max-examples 100 --seed 0 --artifact-dir docs/reports/prometheus-runs/prometheus-charts_1789260855/runs > docs/reports/prometheus-runs/prometheus-charts_1789260855/jobs/24.json 2> docs/reports/prometheus-runs/prometheus-charts_1789260855/jobs/24.err
30	:	1789264112.359	     0.525	0	0	1	0	HELM_CACHE_HOME=/Users/emmadoyle/projects/personal/hypothesis-helm/docs/reports/prometheus-runs/prometheus-charts_1789260855/helm/cache-1 .venv/bin/hypothesis-helm scan third_party/prometheus-community-helm-charts/charts/prometheus-operator-crds/charts/crds --helm /tmp/hh-helm4/darwin-arm64/helm --chart-timeout 5m --filter --max-examples 100 --seed 0 --artifact-dir docs/reports/prometheus-runs/prometheus-charts_1789260855/runs > docs/reports/prometheus-runs/prometheus-charts_1789260855/jobs/30.json 2> docs/reports/prometheus-runs/prometheus-charts_1789260855/jobs/30.err
28	:	1789264092.265	    28.750	0	0	1	0	HELM_CACHE_HOME=/Users/emmadoyle/projects/personal/hypothesis-helm/docs/reports/prometheus-runs/prometheus-charts_1789260855/helm/cache-3 .venv/bin/hypothesis-helm scan third_party/prometheus-community-helm-charts/charts/prometheus-operator-admission-webhook --helm /tmp/hh-helm4/darwin-arm64/helm --chart-timeout 5m --filter --max-examples 100 --seed 0 --artifact-dir docs/reports/prometheus-runs/prometheus-charts_1789260855/runs > docs/reports/prometheus-runs/prometheus-charts_1789260855/jobs/28.json 2> docs/reports/prometheus-runs/prometheus-charts_1789260855/jobs/28.err
31	:	1789264112.889	    13.995	0	0	1	0	HELM_CACHE_HOME=/Users/emmadoyle/projects/personal/hypothesis-helm/docs/reports/prometheus-runs/prometheus-charts_1789260855/helm/cache-1 .venv/bin/hypothesis-helm scan third_party/prometheus-community-helm-charts/charts/prometheus-pgbouncer-exporter --helm /tmp/hh-helm4/darwin-arm64/helm --chart-timeout 5m --filter --max-examples 100 --seed 0 --artifact-dir docs/reports/prometheus-runs/prometheus-charts_1789260855/runs > docs/reports/prometheus-runs/prometheus-charts_1789260855/jobs/31.json 2> docs/reports/prometheus-runs/prometheus-charts_1789260855/jobs/31.err
32	:	1789264121.031	    16.053	0	0	1	0	HELM_CACHE_HOME=/Users/emmadoyle/projects/personal/hypothesis-helm/docs/reports/prometheus-runs/prometheus-charts_1789260855/helm/cache-3 .venv/bin/hypothesis-helm scan third_party/prometheus-community-helm-charts/charts/prometheus-pingdom-exporter --helm /tmp/hh-helm4/darwin-arm64/helm --chart-timeout 5m --filter --max-examples 100 --seed 0 --artifact-dir docs/reports/prometheus-runs/prometheus-charts_1789260855/runs > docs/reports/prometheus-runs/prometheus-charts_1789260855/jobs/32.json 2> docs/reports/prometheus-runs/prometheus-charts_1789260855/jobs/32.err
34	:	1789264137.088	     0.731	0	0	1	0	HELM_CACHE_HOME=/Users/emmadoyle/projects/personal/hypothesis-helm/docs/reports/prometheus-runs/prometheus-charts_1789260855/helm/cache-3 .venv/bin/hypothesis-helm scan third_party/prometheus-community-helm-charts/charts/prometheus-postgres-exporter --helm /tmp/hh-helm4/darwin-arm64/helm --chart-timeout 5m --filter --max-examples 100 --seed 0 --artifact-dir docs/reports/prometheus-runs/prometheus-charts_1789260855/runs > docs/reports/prometheus-runs/prometheus-charts_1789260855/jobs/34.json 2> docs/reports/prometheus-runs/prometheus-charts_1789260855/jobs/34.err
33	:	1789264126.888	    25.210	0	0	1	0	HELM_CACHE_HOME=/Users/emmadoyle/projects/personal/hypothesis-helm/docs/reports/prometheus-runs/prometheus-charts_1789260855/helm/cache-1 .venv/bin/hypothesis-helm scan third_party/prometheus-community-helm-charts/charts/prometheus-pingmesh-exporter --helm /tmp/hh-helm4/darwin-arm64/helm --chart-timeout 5m --filter --max-examples 100 --seed 0 --artifact-dir docs/reports/prometheus-runs/prometheus-charts_1789260855/runs > docs/reports/prometheus-runs/prometheus-charts_1789260855/jobs/33.json 2> docs/reports/prometheus-runs/prometheus-charts_1789260855/jobs/33.err
35	:	1789264137.837	    21.944	0	0	1	0	HELM_CACHE_HOME=/Users/emmadoyle/projects/personal/hypothesis-helm/docs/reports/prometheus-runs/prometheus-charts_1789260855/helm/cache-3 .venv/bin/hypothesis-helm scan third_party/prometheus-community-helm-charts/charts/prometheus-pushgateway --helm /tmp/hh-helm4/darwin-arm64/helm --chart-timeout 5m --filter --max-examples 100 --seed 0 --artifact-dir docs/reports/prometheus-runs/prometheus-charts_1789260855/runs > docs/reports/prometheus-runs/prometheus-charts_1789260855/jobs/35.json 2> docs/reports/prometheus-runs/prometheus-charts_1789260855/jobs/35.err
36	:	1789264152.102	    25.645	0	0	1	0	HELM_CACHE_HOME=/Users/emmadoyle/projects/personal/hypothesis-helm/docs/reports/prometheus-runs/prometheus-charts_1789260855/helm/cache-1 .venv/bin/hypothesis-helm scan third_party/prometheus-community-helm-charts/charts/prometheus-rabbitmq-exporter --helm /tmp/hh-helm4/darwin-arm64/helm --chart-timeout 5m --filter --max-examples 100 --seed 0 --artifact-dir docs/reports/prometheus-runs/prometheus-charts_1789260855/runs > docs/reports/prometheus-runs/prometheus-charts_1789260855/jobs/36.json 2> docs/reports/prometheus-runs/prometheus-charts_1789260855/jobs/36.err
37	:	1789264159.788	    21.502	0	0	1	0	HELM_CACHE_HOME=/Users/emmadoyle/projects/personal/hypothesis-helm/docs/reports/prometheus-runs/prometheus-charts_1789260855/helm/cache-3 .venv/bin/hypothesis-helm scan third_party/prometheus-community-helm-charts/charts/prometheus-redis-exporter --helm /tmp/hh-helm4/darwin-arm64/helm --chart-timeout 5m --filter --max-examples 100 --seed 0 --artifact-dir docs/reports/prometheus-runs/prometheus-charts_1789260855/runs > docs/reports/prometheus-runs/prometheus-charts_1789260855/jobs/37.json 2> docs/reports/prometheus-runs/prometheus-charts_1789260855/jobs/37.err
38	:	1789264177.754	    10.907	0	0	1	0	HELM_CACHE_HOME=/Users/emmadoyle/projects/personal/hypothesis-helm/docs/reports/prometheus-runs/prometheus-charts_1789260855/helm/cache-1 .venv/bin/hypothesis-helm scan third_party/prometheus-community-helm-charts/charts/prometheus-smartctl-exporter --helm /tmp/hh-helm4/darwin-arm64/helm --chart-timeout 5m --filter --max-examples 100 --seed 0 --artifact-dir docs/reports/prometheus-runs/prometheus-charts_1789260855/runs > docs/reports/prometheus-runs/prometheus-charts_1789260855/jobs/38.json 2> docs/reports/prometheus-runs/prometheus-charts_1789260855/jobs/38.err
39	:	1789264181.297	    19.802	0	0	1	0	HELM_CACHE_HOME=/Users/emmadoyle/projects/personal/hypothesis-helm/docs/reports/prometheus-runs/prometheus-charts_1789260855/helm/cache-3 .venv/bin/hypothesis-helm scan third_party/prometheus-community-helm-charts/charts/prometheus-snmp-exporter --helm /tmp/hh-helm4/darwin-arm64/helm --chart-timeout 5m --filter --max-examples 100 --seed 0 --artifact-dir docs/reports/prometheus-runs/prometheus-charts_1789260855/runs > docs/reports/prometheus-runs/prometheus-charts_1789260855/jobs/39.json 2> docs/reports/prometheus-runs/prometheus-charts_1789260855/jobs/39.err
41	:	1789264201.104	    12.878	0	0	1	0	HELM_CACHE_HOME=/Users/emmadoyle/projects/personal/hypothesis-helm/docs/reports/prometheus-runs/prometheus-charts_1789260855/helm/cache-3 .venv/bin/hypothesis-helm scan third_party/prometheus-community-helm-charts/charts/prometheus-stackdriver-exporter --helm /tmp/hh-helm4/darwin-arm64/helm --chart-timeout 5m --filter --max-examples 100 --seed 0 --artifact-dir docs/reports/prometheus-runs/prometheus-charts_1789260855/runs > docs/reports/prometheus-runs/prometheus-charts_1789260855/jobs/41.json 2> docs/reports/prometheus-runs/prometheus-charts_1789260855/jobs/41.err
40	:	1789264188.667	    34.496	0	0	1	0	HELM_CACHE_HOME=/Users/emmadoyle/projects/personal/hypothesis-helm/docs/reports/prometheus-runs/prometheus-charts_1789260855/helm/cache-1 .venv/bin/hypothesis-helm scan third_party/prometheus-community-helm-charts/charts/prometheus-sql-exporter --helm /tmp/hh-helm4/darwin-arm64/helm --chart-timeout 5m --filter --max-examples 100 --seed 0 --artifact-dir docs/reports/prometheus-runs/prometheus-charts_1789260855/runs > docs/reports/prometheus-runs/prometheus-charts_1789260855/jobs/40.json 2> docs/reports/prometheus-runs/prometheus-charts_1789260855/jobs/40.err
42	:	1789264213.987	    16.183	0	0	1	0	HELM_CACHE_HOME=/Users/emmadoyle/projects/personal/hypothesis-helm/docs/reports/prometheus-runs/prometheus-charts_1789260855/helm/cache-3 .venv/bin/hypothesis-helm scan third_party/prometheus-community-helm-charts/charts/prometheus-statsd-exporter --helm /tmp/hh-helm4/darwin-arm64/helm --chart-timeout 5m --filter --max-examples 100 --seed 0 --artifact-dir docs/reports/prometheus-runs/prometheus-charts_1789260855/runs > docs/reports/prometheus-runs/prometheus-charts_1789260855/jobs/42.json 2> docs/reports/prometheus-runs/prometheus-charts_1789260855/jobs/42.err
44	:	1789264230.175	     9.177	0	0	1	0	HELM_CACHE_HOME=/Users/emmadoyle/projects/personal/hypothesis-helm/docs/reports/prometheus-runs/prometheus-charts_1789260855/helm/cache-3 .venv/bin/hypothesis-helm scan third_party/prometheus-community-helm-charts/charts/prometheus-to-sd --helm /tmp/hh-helm4/darwin-arm64/helm --chart-timeout 5m --filter --max-examples 100 --seed 0 --artifact-dir docs/reports/prometheus-runs/prometheus-charts_1789260855/runs > docs/reports/prometheus-runs/prometheus-charts_1789260855/jobs/44.json 2> docs/reports/prometheus-runs/prometheus-charts_1789260855/jobs/44.err
43	:	1789264223.168	    17.447	0	0	1	0	HELM_CACHE_HOME=/Users/emmadoyle/projects/personal/hypothesis-helm/docs/reports/prometheus-runs/prometheus-charts_1789260855/helm/cache-1 .venv/bin/hypothesis-helm scan third_party/prometheus-community-helm-charts/charts/prometheus-systemd-exporter --helm /tmp/hh-helm4/darwin-arm64/helm --chart-timeout 5m --filter --max-examples 100 --seed 0 --artifact-dir docs/reports/prometheus-runs/prometheus-charts_1789260855/runs > docs/reports/prometheus-runs/prometheus-charts_1789260855/jobs/43.json 2> docs/reports/prometheus-runs/prometheus-charts_1789260855/jobs/43.err
45	:	1789264239.357	    15.550	0	0	1	0	HELM_CACHE_HOME=/Users/emmadoyle/projects/personal/hypothesis-helm/docs/reports/prometheus-runs/prometheus-charts_1789260855/helm/cache-3 .venv/bin/hypothesis-helm scan third_party/prometheus-community-helm-charts/charts/prometheus-windows-exporter --helm /tmp/hh-helm4/darwin-arm64/helm --chart-timeout 5m --filter --max-examples 100 --seed 0 --artifact-dir docs/reports/prometheus-runs/prometheus-charts_1789260855/runs > docs/reports/prometheus-runs/prometheus-charts_1789260855/jobs/45.json 2> docs/reports/prometheus-runs/prometheus-charts_1789260855/jobs/45.err
46	:	1789264240.620	    21.890	0	0	1	0	HELM_CACHE_HOME=/Users/emmadoyle/projects/personal/hypothesis-helm/docs/reports/prometheus-runs/prometheus-charts_1789260855/helm/cache-1 .venv/bin/hypothesis-helm scan third_party/prometheus-community-helm-charts/charts/prometheus-yet-another-cloudwatch-exporter --helm /tmp/hh-helm4/darwin-arm64/helm --chart-timeout 5m --filter --max-examples 100 --seed 0 --artifact-dir docs/reports/prometheus-runs/prometheus-charts_1789260855/runs > docs/reports/prometheus-runs/prometheus-charts_1789260855/jobs/46.json 2> docs/reports/prometheus-runs/prometheus-charts_1789260855/jobs/46.err
4	:	1789263973.924	   304.645	0	0	1	0	HELM_CACHE_HOME=/Users/emmadoyle/projects/personal/hypothesis-helm/docs/reports/prometheus-runs/prometheus-charts_1789260855/helm/cache-4 .venv/bin/hypothesis-helm scan third_party/prometheus-community-helm-charts/charts/kube-prometheus-stack --helm /tmp/hh-helm4/darwin-arm64/helm --chart-timeout 5m --filter --max-examples 100 --seed 0 --artifact-dir docs/reports/prometheus-runs/prometheus-charts_1789260855/runs > docs/reports/prometheus-runs/prometheus-charts_1789260855/jobs/4.json 2> docs/reports/prometheus-runs/prometheus-charts_1789260855/jobs/4.err
29	:	1789264106.992	   300.761	0	0	2	0	HELM_CACHE_HOME=/Users/emmadoyle/projects/personal/hypothesis-helm/docs/reports/prometheus-runs/prometheus-charts_1789260855/helm/cache-2 .venv/bin/hypothesis-helm scan third_party/prometheus-community-helm-charts/charts/prometheus-operator-crds --helm /tmp/hh-helm4/darwin-arm64/helm --chart-timeout 5m --filter --max-examples 100 --seed 0 --artifact-dir docs/reports/prometheus-runs/prometheus-charts_1789260855/runs > docs/reports/prometheus-runs/prometheus-charts_1789260855/jobs/29.json 2> docs/reports/prometheus-runs/prometheus-charts_1789260855/jobs/29.err
